Model_Size,Method,Conversation_Setting,Run,Accuracy,Weighted_F1,Macro_F1,Binary_F1,Binary_Recall,Binary_Precision,Turn_Level_SBERT,Trajectory_SBERT,Post_Clarification_SBERT,Post_Clarification_Count
0.5B,SFT,50,1,0.50384615,0.34182382,0.34182382,0.01526718,0.00769231,1.00000000,0.64133664,0.71782995,0.00000000,1
0.5B,SFT,50,2,0.50384615,0.34182382,0.34182382,0.01526718,0.00769231,1.00000000,0.64351275,0.70708447,0.00000000,1
0.5B,SFT,50,3,0.50769231,0.35020306,0.35020306,0.03030303,0.01538462,1.00000000,0.64026087,0.69681525,0.00000000,2
0.5B,SFT,50,4,0.51153846,0.35847370,0.35847370,0.04511278,0.02307692,1.00000000,0.64020557,0.70238589,0.00000000,3
0.5B,SFT,50,5,0.50769231,0.35020306,0.35020306,0.03030303,0.01538462,1.00000000,0.64322117,0.70799441,0.00000000,2
0.5B,SFT,100,1,0.53846154,0.43330427,0.43330427,0.18918919,0.10769231,0.77777778,0.63803686,0.67201757,0.21846631,18
0.5B,SFT,100,2,0.55000000,0.45404620,0.45404620,0.22516556,0.13076923,0.80952381,0.64224533,0.67089432,0.20803438,21
0.5B,SFT,100,3,0.55384615,0.46081236,0.46081236,0.23684211,0.13846154,0.81818182,0.63276350,0.66046726,0.11887449,22
0.5B,SFT,100,4,0.55769231,0.46337874,0.46337874,0.23841060,0.13846154,0.85714286,0.62660310,0.67549269,0.19017347,21
0.5B,SFT,100,5,0.55384615,0.45219413,0.45219413,0.21621622,0.12307692,0.88888889,0.63416117,0.65855156,0.12801420,18
0.5B,SFT,150,1,0.57307692,0.47792109,0.47792109,0.25503356,0.14615385,1.00000000,0.65121329,0.69565797,0.20340253,19
0.5B,SFT,150,2,0.53076923,0.40904687,0.40904687,0.14084507,0.07692308,0.83333333,0.65035262,0.70883448,0.29483226,12
0.5B,SFT,150,3,0.56923077,0.47531532,0.47531532,0.25333333,0.14615385,0.95000000,0.64803337,0.68395752,0.19822736,20
0.5B,SFT,150,4,0.55769231,0.46750726,0.46750726,0.24836601,0.14615385,0.82608696,0.65156485,0.68652305,0.26806377,23
0.5B,SFT,150,5,0.53076923,0.40904687,0.40904687,0.14084507,0.07692308,0.83333333,0.65125902,0.70093928,0.17983090,12
0.5B,UCP-Clarify,50,1,0.50384615,0.34182382,0.34182382,0.01526718,0.00769231,1.00000000,0.64797121,0.70374750,0.00000000,1
0.5B,UCP-Clarify,50,2,0.50384615,0.34182382,0.34182382,0.01526718,0.00769231,1.00000000,0.64114605,0.70728353,0.00000000,1
0.5B,UCP-Clarify,50,3,0.50384615,0.34182382,0.34182382,0.01526718,0.00769231,1.00000000,0.63997510,0.70996927,0.10723853,1
0.5B,UCP-Clarify,50,4,0.50769231,0.35020306,0.35020306,0.03030303,0.01538462,1.00000000,0.63754633,0.70739994,0.00000000,2
0.5B,UCP-Clarify,50,5,0.50769231,0.35020306,0.35020306,0.03030303,0.01538462,1.00000000,0.63828175,0.70751066,0.00000000,2
0.5B,UCP-Clarify,100,1,0.55769231,0.46750726,0.46750726,0.24836601,0.14615385,0.82608696,0.63560387,0.68079482,0.32854453,23
0.5B,UCP-Clarify,100,2,0.56153846,0.47413242,0.47413242,0.25974026,0.15384615,0.83333333,0.63921598,0.67429136,0.25950245,24
0.5B,UCP-Clarify,100,3,0.55000000,0.46230667,0.46230667,0.24516129,0.14615385,0.76000000,0.63323105,0.67624726,0.38950111,25
0.5B,UCP-Clarify,100,4,0.54230769,0.44471365,0.44471365,0.21192053,0.12307692,0.76190476,0.62434780,0.68440564,0.30816097,21
0.5B,UCP-Clarify,100,5,0.55000000,0.45824651,0.45824651,0.23529412,0.13846154,0.78260870,0.63362973,0.68127084,0.33858155,23
0.5B,UCP-Clarify,150,1,0.54230769,0.42102210,0.42102210,0.15602837,0.08461538,1.00000000,0.64922751,0.70157231,0.14630902,11
0.5B,UCP-Clarify,150,2,0.55000000,0.44055172,0.44055172,0.19310345,0.10769231,0.93333333,0.65087521,0.69143390,0.17589055,15
0.5B,UCP-Clarify,150,3,0.53076923,0.40904687,0.40904687,0.14084507,0.07692308,0.83333333,0.64908207,0.69975569,0.16565591,12
0.5B,UCP-Clarify,150,4,0.54615385,0.43336288,0.43336288,0.18055556,0.10000000,0.92857143,0.64900124,0.69844207,0.27029091,14
0.5B,UCP-Clarify,150,5,0.55000000,0.44520436,0.44520436,0.20408163,0.11538462,0.88235294,0.65059847,0.69371479,0.20980256,17
0.5B,Vanilla-DPO,50,1,0.50384615,0.34182382,0.34182382,0.01526718,0.00769231,1.00000000,0.63913117,0.70694697,0.00000000,1
0.5B,Vanilla-DPO,50,2,0.50769231,0.35020306,0.35020306,0.03030303,0.01538462,1.00000000,0.63187095,0.71644568,0.36305296,2
0.5B,Vanilla-DPO,50,3,0.50000000,0.33333333,0.33333333,0.00000000,0.00000000,0.00000000,0.64134943,0.70933294,0.00000000,0
0.5B,Vanilla-DPO,50,4,0.50769231,0.35020306,0.35020306,0.03030303,0.01538462,1.00000000,0.64285402,0.70582850,0.00000000,2
0.5B,Vanilla-DPO,50,5,0.50769231,0.35020306,0.35020306,0.03030303,0.01538462,1.00000000,0.63662246,0.70560220,0.02652566,2
0.5B,Vanilla-DPO,100,1,0.55000000,0.46230667,0.46230667,0.24516129,0.14615385,0.76000000,0.62864494,0.67985704,0.34622903,25
0.5B,Vanilla-DPO,100,2,0.54615385,0.45151602,0.45151602,0.22368421,0.13076923,0.77272727,0.63269553,0.67185899,0.26338970,22
0.5B,Vanilla-DPO,100,3,0.54230769,0.44029378,0.44029378,0.20134228,0.11538462,0.78947368,0.63824791,0.67627322,0.20730621,19
0.5B,Vanilla-DPO,100,4,0.55769231,0.47149801,0.47149801,0.25806452,0.15384615,0.80000000,0.62446605,0.66946115,0.29188074,25
0.5B,Vanilla-DPO,100,5,0.53846154,0.43783784,0.43783784,0.20000000,0.11538462,0.75000000,0.62392598,0.67814956,0.25858112,20
0.5B,Vanilla-DPO,150,1,0.55769231,0.45468804,0.45468804,0.21768707,0.12307692,0.94117647,0.65116733,0.70027522,0.28338195,17
0.5B,Vanilla-DPO,150,2,0.53846154,0.41873463,0.41873463,0.15492958,0.08461538,0.91666667,0.65135021,0.70742272,0.19529871,12
0.5B,Vanilla-DPO,150,3,0.53461538,0.42623698,0.42623698,0.17687075,0.10000000,0.76470588,0.65173197,0.70654589,0.34477900,17
0.5B,Vanilla-DPO,150,4,0.55000000,0.44520436,0.44520436,0.20408163,0.11538462,0.88235294,0.65118628,0.69796715,0.21775548,17
0.5B,Vanilla-DPO,150,5,0.53846154,0.42861329,0.42861329,0.17808219,0.10000000,0.81250000,0.64639034,0.69206289,0.27081122,16
0.5B,IPO,50,1,0.50769231,0.35020306,0.35020306,0.03030303,0.01538462,1.00000000,0.63430564,0.70461243,0.00000000,2
0.5B,IPO,50,2,0.50769231,0.35020306,0.35020306,0.03030303,0.01538462,1.00000000,0.64051904,0.70502465,0.00000000,2
0.5B,IPO,50,3,0.50769231,0.35020306,0.35020306,0.03030303,0.01538462,1.00000000,0.64466619,0.71025180,0.00000000,2
0.5B,IPO,50,4,0.51153846,0.35847370,0.35847370,0.04511278,0.02307692,1.00000000,0.63965134,0.69562084,0.00000000,3
0.5B,IPO,50,5,0.50384615,0.34182382,0.34182382,0.01526718,0.00769231,1.00000000,0.63301872,0.71539911,0.00000000,1
0.5B,IPO,100,1,0.56923077,0.49444444,0.49444444,0.30000000,0.18461538,0.80000000,0.63736670,0.66073842,0.18935312,30
0.5B,IPO,100,2,0.57692308,0.50347222,0.50347222,0.31250000,0.19230769,0.83333333,0.63499418,0.66178137,0.26317996,30
0.5B,IPO,100,3,0.55769231,0.47149801,0.47149801,0.25806452,0.15384615,0.80000000,0.63571423,0.68322277,0.34531602,25
0.5B,IPO,100,4,0.57692308,0.50347222,0.50347222,0.31250000,0.19230769,0.83333333,0.63802282,0.67121235,0.26607552,30
0.5B,IPO,100,5,0.57307692,0.49360425,0.49360425,0.29299363,0.17692308,0.85185185,0.63506786,0.66125471,0.25953259,27
0.5B,IPO,150,1,0.56153846,0.46594595,0.46594595,0.24000000,0.13846154,0.90000000,0.64170321,0.68704004,0.18521781,20
0.5B,IPO,150,2,0.55000000,0.44055172,0.44055172,0.19310345,0.10769231,0.93333333,0.64222739,0.69595219,0.21973953,15
0.5B,IPO,150,3,0.58076923,0.49907203,0.49907203,0.29677419,0.17692308,0.92000000,0.64489983,0.67855823,0.23895825,25
0.5B,IPO,150,4,0.55769231,0.45910744,0.45910744,0.22818792,0.13076923,0.89473684,0.64784305,0.70143946,0.30922248,19
0.5B,IPO,150,5,0.57307692,0.48602874,0.48602874,0.27450980,0.16153846,0.91304348,0.64191379,0.67940245,0.24567054,23
0.5B,SimPO,50,1,0.50384615,0.34182382,0.34182382,0.01526718,0.00769231,1.00000000,0.64881812,0.70514219,0.00000000,1
0.5B,SimPO,50,2,0.50384615,0.34182382,0.34182382,0.01526718,0.00769231,1.00000000,0.64215337,0.70360395,0.00000000,1
0.5B,SimPO,50,3,0.51153846,0.35847370,0.35847370,0.04511278,0.02307692,1.00000000,0.64318225,0.71317590,0.01768377,3
0.5B,SimPO,50,4,0.50384615,0.34182382,0.34182382,0.01526718,0.00769231,1.00000000,0.63745303,0.71206665,0.00000000,1
0.5B,SimPO,50,5,0.50769231,0.35020306,0.35020306,0.03030303,0.01538462,1.00000000,0.63557597,0.70465061,0.00000000,2
0.5B,SimPO,100,1,0.58076923,0.50626318,0.50626318,0.31446541,0.19230769,0.86206897,0.63647285,0.65629588,0.24186761,29
0.5B,SimPO,100,2,0.56538462,0.48814439,0.48814439,0.28930818,0.17692308,0.79310345,0.63593448,0.65644155,0.20735927,29
0.5B,SimPO,100,3,0.56923077,0.49087349,0.49087349,0.29113924,0.17692308,0.82142857,0.63516688,0.65910873,0.19303345,28
0.5B,SimPO,100,4,0.58461538,0.50549451,0.50549451,0.30769231,0.18461538,0.92307692,0.62652154,0.66803231,0.24107639,26
0.5B,SimPO,100,5,0.54615385,0.45568093,0.45568093,0.23376623,0.13846154,0.75000000,0.63385404,0.67404313,0.28061208,24
0.5B,SimPO,150,1,0.57692308,0.49996503,0.49996503,0.30379747,0.18461538,0.85714286,0.64458785,0.68610468,0.29110112,28
0.5B,SimPO,150,2,0.57692308,0.50347222,0.50347222,0.31250000,0.19230769,0.83333333,0.64998185,0.67151566,0.23390904,30
0.5B,SimPO,150,3,0.55000000,0.47369332,0.47369332,0.27329193,0.16923077,0.70967742,0.64783248,0.65911257,0.16641885,31
0.5B,SimPO,150,4,0.57692308,0.49633700,0.49633700,0.29487179,0.17692308,0.88461538,0.65419866,0.67752577,0.18733011,26
0.5B,SimPO,150,5,0.56923077,0.49444444,0.49444444,0.30000000,0.18461538,0.80000000,0.65537142,0.68359479,0.27780217,30
0.5B,ORPO,50,1,0.50384615,0.34182382,0.34182382,0.01526718,0.00769231,1.00000000,0.63809202,0.70545078,0.00000000,1
0.5B,ORPO,50,2,0.50000000,0.33333333,0.33333333,0.00000000,0.00000000,0.00000000,0.64208091,0.70472102,0.00000000,0
0.5B,ORPO,50,3,0.50384615,0.34182382,0.34182382,0.01526718,0.00769231,1.00000000,0.63340439,0.70632627,0.00000000,1
0.5B,ORPO,50,4,0.50769231,0.35020306,0.35020306,0.03030303,0.01538462,1.00000000,0.64141162,0.71266668,0.15919259,2
0.5B,ORPO,50,5,0.50384615,0.34182382,0.34182382,0.01526718,0.00769231,1.00000000,0.63334542,0.70874825,0.00000000,1
0.5B,ORPO,100,1,0.58461538,0.50905658,0.50905658,0.31645570,0.19230769,0.89285714,0.63421761,0.66988584,0.23804864,28
0.5B,ORPO,100,2,0.54230769,0.44898577,0.44898577,0.22222222,0.13076923,0.73913043,0.64148105,0.67092782,0.16295880,23
0.5B,ORPO,100,3,0.55769231,0.47149801,0.47149801,0.25806452,0.15384615,0.80000000,0.64151719,0.66625259,0.16660098,25
0.5B,ORPO,100,4,0.55769231,0.47149801,0.47149801,0.25806452,0.15384615,0.80000000,0.63758602,0.67153683,0.25145025,25
0.5B,ORPO,100,5,0.57307692,0.50068340,0.50068340,0.31055901,0.19230769,0.80645161,0.62690166,0.64800285,0.16637977,31
0.5B,ORPO,150,1,0.56538462,0.48068935,0.48068935,0.27096774,0.16153846,0.84000000,0.64261802,0.68588511,0.27335771,25
0.5B,ORPO,150,2,0.56538462,0.46851426,0.46851426,0.24161074,0.13846154,0.94736842,0.64833134,0.69082557,0.26227970,19
0.5B,ORPO,150,3,0.53846154,0.42861329,0.42861329,0.17808219,0.10000000,0.81250000,0.64376413,0.70294328,0.33866449,16
0.5B,ORPO,150,4,0.55384615,0.45657658,0.45657658,0.22666667,0.13076923,0.85000000,0.64679502,0.68962635,0.24207653,20
0.5B,ORPO,150,5,0.56538462,0.47676800,0.47676800,0.26143791,0.15384615,0.86956522,0.65223677,0.68957102,0.29441520,23
1.5B,SFT,50,1,0.53076923,0.40904687,0.40904687,0.14084507,0.07692308,0.83333333,0.65865299,0.73861533,0.33367620,12
1.5B,SFT,50,2,0.52307692,0.39398496,0.39398496,0.11428571,0.06153846,0.80000000,0.66241094,0.72941982,0.42731177,10
1.5B,SFT,50,3,0.51923077,0.38631772,0.38631772,0.10071942,0.05384615,0.77777778,0.66921960,0.73491119,0.30258117,9
1.5B,SFT,50,4,0.52307692,0.39398496,0.39398496,0.11428571,0.06153846,0.80000000,0.66281289,0.74113629,0.48251364,10
1.5B,SFT,50,5,0.52692308,0.40680010,0.40680010,0.13986014,0.07692308,0.76923077,0.65046789,0.72733391,0.31759294,13
1.5B,SFT,100,1,0.54230769,0.42609115,0.42609115,0.16783217,0.09230769,0.92307692,0.67484523,0.73562990,0.21048199,13
1.5B,SFT,100,2,0.54615385,0.43813640,0.43813640,0.19178082,0.10769231,0.87500000,0.67368183,0.73590360,0.22918616,16
1.5B,SFT,100,3,0.54615385,0.44274920,0.44274920,0.20270270,0.11538462,0.83333333,0.67452561,0.73261692,0.19846961,18
1.5B,SFT,100,4,0.55000000,0.44520436,0.44520436,0.20408163,0.11538462,0.88235294,0.66553796,0.73425893,0.30003085,17
1.5B,SFT,100,5,0.54615385,0.43813640,0.43813640,0.19178082,0.10769231,0.87500000,0.66408670,0.73157007,0.19752081,16
1.5B,SFT,150,1,0.58461538,0.50905658,0.50905658,0.31645570,0.19230769,0.89285714,0.66978476,0.70978973,0.26264988,28
1.5B,SFT,150,2,0.57307692,0.50068340,0.50068340,0.31055901,0.19230769,0.80645161,0.67262197,0.70033066,0.18345207,31
1.5B,SFT,150,3,0.60000000,0.53376095,0.53376095,0.35802469,0.22307692,0.90625000,0.66462282,0.68187912,0.17520311,32
1.5B,SFT,150,4,0.59615385,0.52767349,0.52767349,0.34782609,0.21538462,0.90322581,0.65657334,0.70797184,0.25806035,31
1.5B,SFT,150,5,0.60000000,0.53376095,0.53376095,0.35802469,0.22307692,0.90625000,0.66847457,0.70177142,0.25351662,32
1.5B,UCP-Clarify,50,1,0.52692308,0.40156066,0.40156066,0.12765957,0.06923077,0.81818182,0.66272100,0.72058789,0.31912156,11
1.5B,UCP-Clarify,50,2,0.51923077,0.38631772,0.38631772,0.10071942,0.05384615,0.77777778,0.66279919,0.73044488,0.53101602,9
1.5B,UCP-Clarify,50,3,0.52692308,0.40156066,0.40156066,0.12765957,0.06923077,0.81818182,0.66006719,0.73184487,0.33130615,11
1.5B,UCP-Clarify,50,4,0.52692308,0.39613663,0.39613663,0.11510791,0.06153846,0.88888889,0.65932623,0.74041486,0.42516365,9
1.5B,UCP-Clarify,50,5,0.52692308,0.39613663,0.39613663,0.11510791,0.06153846,0.88888889,0.66257420,0.73244276,0.30272265,9
1.5B,UCP-Clarify,100,1,0.54230769,0.44029378,0.44029378,0.20134228,0.11538462,0.78947368,0.67099959,0.72371871,0.19060938,19
1.5B,UCP-Clarify,100,2,0.54230769,0.43572067,0.43572067,0.19047619,0.10769231,0.82352941,0.66905839,0.72294162,0.20425508,17
1.5B,UCP-Clarify,100,3,0.54615385,0.44720721,0.44720721,0.21333333,0.12307692,0.80000000,0.67130665,0.71508334,0.18009860,20
1.5B,UCP-Clarify,100,4,0.55769231,0.45910744,0.45910744,0.22818792,0.13076923,0.89473684,0.66489530,0.73120987,0.25656125,19
1.5B,UCP-Clarify,100,5,0.55000000,0.44055172,0.44055172,0.19310345,0.10769231,0.93333333,0.67178995,0.73248993,0.26288027,15
1.5B,UCP-Clarify,150,1,0.60384615,0.54280837,0.54280837,0.37575758,0.23846154,0.88571429,0.66847654,0.69616630,0.23640490,35
1.5B,UCP-Clarify,150,2,0.60384615,0.54854263,0.54854263,0.39053254,0.25384615,0.84615385,0.66186782,0.68810773,0.22810667,39
1.5B,UCP-Clarify,150,3,0.59615385,0.52767349,0.52767349,0.34782609,0.21538462,0.90322581,0.66651846,0.70635711,0.28649646,31
1.5B,UCP-Clarify,150,4,0.58461538,0.51582868,0.51582868,0.33333333,0.20769231,0.84375000,0.67214586,0.69407388,0.17605181,32
1.5B,UCP-Clarify,150,5,0.62307692,0.56640120,0.56640120,0.40963855,0.26153846,0.94444444,0.66279393,0.68947428,0.22863102,36
1.5B,Vanilla-DPO,50,1,0.52692308,0.40156066,0.40156066,0.12765957,0.06923077,0.81818182,0.66342500,0.72372806,0.21089332,11
1.5B,Vanilla-DPO,50,2,0.52692308,0.40156066,0.40156066,0.12765957,0.06923077,0.81818182,0.66568549,0.74142319,0.43502128,11
1.5B,Vanilla-DPO,50,3,0.52692308,0.40156066,0.40156066,0.12765957,0.06923077,0.81818182,0.65777799,0.73119880,0.37272214,11
1.5B,Vanilla-DPO,50,4,0.52307692,0.39935912,0.39935912,0.12676056,0.06923077,0.75000000,0.66294632,0.73315168,0.28372617,12
1.5B,Vanilla-DPO,50,5,0.52692308,0.40156066,0.40156066,0.12765957,0.06923077,0.81818182,0.65596658,0.73136908,0.41648214,11
1.5B,Vanilla-DPO,100,1,0.53846154,0.42861329,0.42861329,0.17808219,0.10000000,0.81250000,0.66791667,0.73327085,0.17986142,16
1.5B,Vanilla-DPO,100,2,0.54230769,0.42609115,0.42609115,0.16783217,0.09230769,0.92307692,0.67138272,0.72784513,0.19810015,13
1.5B,Vanilla-DPO,100,3,0.53846154,0.43330427,0.43330427,0.18918919,0.10769231,0.77777778,0.66897678,0.73213287,0.27470520,18
1.5B,Vanilla-DPO,100,4,0.55769231,0.46337874,0.46337874,0.23841060,0.13846154,0.85714286,0.67116204,0.72227656,0.30154340,21
1.5B,Vanilla-DPO,100,5,0.55384615,0.44765951,0.44765951,0.20547945,0.11538462,0.93750000,0.67437011,0.72399969,0.26543280,16
1.5B,Vanilla-DPO,150,1,0.58461538,0.50905658,0.50905658,0.31645570,0.19230769,0.89285714,0.67087537,0.71107306,0.25720009,28
1.5B,Vanilla-DPO,150,2,0.60000000,0.53376095,0.53376095,0.35802469,0.22307692,0.90625000,0.66212715,0.70237716,0.24500756,32
1.5B,Vanilla-DPO,150,3,0.58846154,0.52191920,0.52191920,0.34355828,0.21538462,0.84848485,0.66930165,0.69670878,0.23364521,33
1.5B,Vanilla-DPO,150,4,0.58076923,0.50626318,0.50626318,0.31446541,0.19230769,0.86206897,0.67005708,0.71345244,0.26333429,29
1.5B,Vanilla-DPO,150,5,0.60000000,0.53376095,0.53376095,0.35802469,0.22307692,0.90625000,0.66631563,0.69928738,0.25851353,32
1.5B,IPO,50,1,0.51538462,0.37855679,0.37855679,0.08695652,0.04615385,0.75000000,0.66196686,0.73563149,0.46964556,8
1.5B,IPO,50,2,0.51923077,0.39182994,0.39182994,0.11347518,0.06153846,0.72727273,0.65829522,0.72908145,0.27575266,11
1.5B,IPO,50,3,0.53076923,0.40904687,0.40904687,0.14084507,0.07692308,0.83333333,0.66258923,0.72686915,0.34903671,12
1.5B,IPO,50,4,0.51923077,0.39182994,0.39182994,0.11347518,0.06153846,0.72727273,0.66104810,0.72763855,0.30624251,11
1.5B,IPO,50,5,0.52692308,0.40156066,0.40156066,0.12765957,0.06923077,0.81818182,0.66196729,0.73740885,0.45924213,11
1.5B,IPO,100,1,0.54615385,0.44720721,0.44720721,0.21333333,0.12307692,0.80000000,0.66484306,0.72645351,0.27979880,20
1.5B,IPO,100,2,0.54230769,0.43098851,0.43098851,0.17931034,0.10000000,0.86666667,0.66595953,0.72941603,0.23469627,15
1.5B,IPO,100,3,0.53846154,0.43330427,0.43330427,0.18918919,0.10769231,0.77777778,0.67491419,0.73574803,0.31120774,18
1.5B,IPO,100,4,0.53846154,0.43330427,0.43330427,0.18918919,0.10769231,0.77777778,0.66377148,0.72853199,0.21906390,18
1.5B,IPO,100,5,0.53846154,0.42861329,0.42861329,0.17808219,0.10000000,0.81250000,0.67066412,0.72592780,0.21536849,16
1.5B,IPO,150,1,0.58076923,0.50626318,0.50626318,0.31446541,0.19230769,0.86206897,0.67105808,0.71779962,0.27353710,29
1.5B,IPO,150,2,0.57692308,0.49996503,0.49996503,0.30379747,0.18461538,0.85714286,0.66830029,0.71031676,0.22256839,28
1.5B,IPO,150,3,0.56923077,0.48717949,0.48717949,0.28205128,0.16923077,0.84615385,0.66885427,0.71146559,0.22975647,26
1.5B,IPO,150,4,0.58846154,0.51867679,0.51867679,0.33540373,0.20769231,0.87096774,0.66719152,0.70384001,0.21530007,31
1.5B,IPO,150,5,0.58846154,0.52191920,0.52191920,0.34355828,0.21538462,0.84848485,0.66752677,0.69664781,0.23917768,33
1.5B,SimPO,50,1,0.52692308,0.39613663,0.39613663,0.11510791,0.06153846,0.88888889,0.66166372,0.72967569,0.30455116,9
1.5B,SimPO,50,2,0.53461538,0.41644562,0.41644562,0.15384615,0.08461538,0.84615385,0.66309632,0.72553823,0.24266261,13
1.5B,SimPO,50,3,0.53076923,0.40375940,0.40375940,0.12857143,0.06923077,0.90000000,0.66929649,0.72705241,0.33415694,10
1.5B,SimPO,50,4,0.52692308,0.39613663,0.39613663,0.11510791,0.06153846,0.88888889,0.66087189,0.74369180,0.35381009,9
1.5B,SimPO,50,5,0.52692308,0.40156066,0.40156066,0.12765957,0.06923077,0.81818182,0.65983352,0.73425191,0.37819325,11
1.5B,SimPO,100,1,0.54615385,0.44720721,0.44720721,0.21333333,0.12307692,0.80000000,0.67329455,0.72627842,0.23337336,20
1.5B,SimPO,100,2,0.55000000,0.44970061,0.44970061,0.21476510,0.12307692,0.84210526,0.66763591,0.73364487,0.25606647,19
1.5B,SimPO,100,3,0.54615385,0.44720721,0.44720721,0.21333333,0.12307692,0.80000000,0.67183875,0.72887522,0.24586924,20
1.5B,SimPO,100,4,0.53846154,0.42861329,0.42861329,0.17808219,0.10000000,0.81250000,0.66193676,0.72876555,0.31242561,16
1.5B,SimPO,100,5,0.55769231,0.45910744,0.45910744,0.22818792,0.13076923,0.89473684,0.67778356,0.71947970,0.22771900,19
1.5B,SimPO,150,1,0.59615385,0.53393086,0.53393086,0.36363636,0.23076923,0.85714286,0.66464344,0.69003668,0.21427437,35
1.5B,SimPO,150,2,0.58461538,0.51904631,0.51904631,0.34146341,0.21538462,0.82352941,0.65970103,0.68800937,0.17379762,34
1.5B,SimPO,150,3,0.58461538,0.51250000,0.51250000,0.32500000,0.20000000,0.86666667,0.66507294,0.69976610,0.26659584,30
1.5B,SimPO,150,4,0.58846154,0.52505335,0.52505335,0.35151515,0.22307692,0.82857143,0.66356897,0.68816947,0.23156149,35
1.5B,SimPO,150,5,0.59615385,0.53085529,0.53085529,0.35582822,0.22307692,0.87878788,0.65487204,0.70468057,0.24263709,33
1.5B,ORPO,50,1,0.52307692,0.39398496,0.39398496,0.11428571,0.06153846,0.80000000,0.65824739,0.72318883,0.25222756,10
1.5B,ORPO,50,2,0.52692308,0.40156066,0.40156066,0.12765957,0.06923077,0.81818182,0.66001675,0.72864746,0.32049796,11
1.5B,ORPO,50,3,0.52307692,0.39398496,0.39398496,0.11428571,0.06153846,0.80000000,0.66061673,0.72827908,0.32249588,10
1.5B,ORPO,50,4,0.51923077,0.38631772,0.38631772,0.10071942,0.05384615,0.77777778,0.66702891,0.72664268,0.32890050,9
1.5B,ORPO,50,5,0.52692308,0.40156066,0.40156066,0.12765957,0.06923077,0.81818182,0.65615040,0.73675830,0.42481424,11
1.5B,ORPO,100,1,0.54230769,0.43572067,0.43572067,0.19047619,0.10769231,0.82352941,0.66759489,0.72983120,0.28797787,17
1.5B,ORPO,100,2,0.53846154,0.42861329,0.42861329,0.17808219,0.10000000,0.81250000,0.67623336,0.72820368,0.21213614,16
1.5B,ORPO,100,3,0.54615385,0.43336288,0.43336288,0.18055556,0.10000000,0.92857143,0.67636802,0.73426329,0.20109250,14
1.5B,ORPO,100,4,0.54230769,0.43572067,0.43572067,0.19047619,0.10769231,0.82352941,0.66810073,0.72807183,0.32639193,17
1.5B,ORPO,100,5,0.53846154,0.42861329,0.42861329,0.17808219,0.10000000,0.81250000,0.67042783,0.73280290,0.21969185,16
1.5B,ORPO,150,1,0.56923077,0.49444444,0.49444444,0.30000000,0.18461538,0.80000000,0.67072926,0.70457401,0.21538726,30
1.5B,ORPO,150,2,0.57692308,0.50686254,0.50686254,0.32098765,0.20000000,0.81250000,0.66281044,0.69803345,0.26769302,32
1.5B,ORPO,150,3,0.60769231,0.54576596,0.54576596,0.37804878,0.23846154,0.91176471,0.66232918,0.70142864,0.28631974,34
1.5B,ORPO,150,4,0.58846154,0.51867679,0.51867679,0.33540373,0.20769231,0.87096774,0.66342830,0.70747221,0.24113648,31
1.5B,ORPO,150,5,0.59230769,0.52479481,0.52479481,0.34567901,0.21538462,0.87500000,0.65941063,0.68882962,0.15455033,32
3B,SFT,50,1,0.52692308,0.39613663,0.39613663,0.11510791,0.06153846,0.88888889,0.68959089,0.74696673,0.15087714,9
3B,SFT,50,2,0.52307692,0.39398496,0.39398496,0.11428571,0.06153846,0.80000000,0.68673454,0.76274103,0.53530475,10
3B,SFT,50,3,0.53846154,0.41873463,0.41873463,0.15492958,0.08461538,0.91666667,0.68683131,0.75948230,0.38294327,12
3B,SFT,50,4,0.53846154,0.41873463,0.41873463,0.15492958,0.08461538,0.91666667,0.68803725,0.75060501,0.37779985,12
3B,SFT,50,5,0.53461538,0.41129138,0.41129138,0.14184397,0.07692308,0.90909091,0.68006675,0.76071081,0.42079630,11
3B,SFT,100,1,0.62692308,0.57740579,0.57740579,0.43274854,0.28461538,0.90243902,0.68441525,0.70373942,0.20747562,41
3B,SFT,100,2,0.60769231,0.55428571,0.55428571,0.40000000,0.26153846,0.85000000,0.67825279,0.70569147,0.26512260,40
3B,SFT,100,3,0.61153846,0.55997922,0.55997922,0.40935673,0.26923077,0.85365854,0.68067364,0.69381616,0.20133377,41
3B,SFT,100,4,0.62692308,0.57988373,0.57988373,0.43930636,0.29230769,0.88372093,0.67454908,0.70008998,0.26168059,43
3B,SFT,100,5,0.61153846,0.55997922,0.55997922,0.40935673,0.26923077,0.85365854,0.67125350,0.68710460,0.19242638,41
3B,SFT,150,1,0.63461538,0.60517272,0.60517272,0.49735450,0.36153846,0.79661017,0.68584748,0.68189292,0.31205971,59
3B,SFT,150,2,0.63846154,0.61020734,0.61020734,0.50526316,0.36923077,0.80000000,0.68100220,0.68466083,0.32052245,60
3B,SFT,150,3,0.65000000,0.62510497,0.62510497,0.52849741,0.39230769,0.80952381,0.67812981,0.67006099,0.25526255,63
3B,SFT,150,4,0.65384615,0.62842988,0.62842988,0.53125000,0.39230769,0.82258065,0.67671787,0.67241587,0.25620582,62
3B,SFT,150,5,0.63076923,0.60191388,0.60191388,0.49473684,0.36153846,0.78333333,0.68074446,0.68312104,0.31009889,60
3B,UCP-Clarify,50,1,0.53846154,0.41353383,0.41353383,0.14285714,0.07692308,1.00000000,0.67578697,0.74877475,0.23770371,10
3B,UCP-Clarify,50,2,0.53461538,0.41129138,0.41129138,0.14184397,0.07692308,0.90909091,0.68179474,0.75688648,0.37286687,11
3B,UCP-Clarify,50,3,0.53461538,0.41644562,0.41644562,0.15384615,0.08461538,0.84615385,0.68270296,0.74485948,0.37960467,13
3B,UCP-Clarify,50,4,0.53076923,0.39828515,0.39828515,0.11594203,0.06153846,1.00000000,0.67845766,0.75469198,0.31609364,8
3B,UCP-Clarify,50,5,0.52692308,0.39613663,0.39613663,0.11510791,0.06153846,0.88888889,0.68381248,0.76482842,0.44648345,9
3B,UCP-Clarify,100,1,0.61923077,0.57122154,0.57122154,0.42774566,0.28461538,0.86046512,0.67264302,0.68401327,0.18576503,43
3B,UCP-Clarify,100,2,0.61538462,0.57056025,0.57056025,0.43181818,0.29230769,0.82608696,0.66907046,0.69301226,0.25403675,46
3B,UCP-Clarify,100,3,0.62307692,0.57914905,0.57914905,0.44318182,0.30000000,0.84782609,0.67026974,0.68119587,0.21376313,46
3B,UCP-Clarify,100,4,0.62307692,0.58144425,0.58144425,0.44943820,0.30769231,0.83333333,0.67268903,0.68546213,0.26425095,48
3B,UCP-Clarify,100,5,0.64230769,0.60171962,0.60171962,0.47457627,0.32307692,0.89361702,0.66721459,0.68179309,0.20722661,47
3B,UCP-Clarify,150,1,0.65384615,0.63297572,0.63297572,0.54545455,0.41538462,0.79411765,0.67262085,0.67001393,0.30628955,68
3B,UCP-Clarify,150,2,0.66538462,0.64589302,0.64589302,0.56281407,0.43076923,0.81159420,0.68048031,0.66533128,0.29782826,69
3B,UCP-Clarify,150,3,0.65769231,0.63634078,0.63634078,0.54822335,0.41538462,0.80597015,0.67711746,0.66005123,0.27069553,67
3B,UCP-Clarify,150,4,0.64230769,0.61846154,0.61846154,0.52307692,0.39230769,0.78461538,0.67847507,0.65993292,0.26571243,65
3B,UCP-Clarify,150,5,0.64615385,0.62481962,0.62481962,0.53535354,0.40769231,0.77941176,0.68194931,0.65765585,0.24941470,68
3B,Vanilla-DPO,50,1,0.53461538,0.40595555,0.40595555,0.12949640,0.06923077,1.00000000,0.68437249,0.75916383,0.35249288,9
3B,Vanilla-DPO,50,2,0.53846154,0.41873463,0.41873463,0.15492958,0.08461538,0.91666667,0.67831170,0.75435238,0.37855488,12
3B,Vanilla-DPO,50,3,0.53076923,0.40375940,0.40375940,0.12857143,0.06923077,0.90000000,0.68433427,0.75754831,0.39255069,10
3B,Vanilla-DPO,50,4,0.54230769,0.42609115,0.42609115,0.16783217,0.09230769,0.92307692,0.68998633,0.74695297,0.24135472,13
3B,Vanilla-DPO,50,5,0.53076923,0.40375940,0.40375940,0.12857143,0.06923077,0.90000000,0.68031124,0.75077968,0.26805302,10
3B,Vanilla-DPO,100,1,0.61538462,0.57056025,0.57056025,0.43181818,0.29230769,0.82608696,0.67544823,0.67842879,0.20510773,46
3B,Vanilla-DPO,100,2,0.60769231,0.56197146,0.56197146,0.42045455,0.28461538,0.80434783,0.67318390,0.68374385,0.25241146,46
3B,Vanilla-DPO,100,3,0.61153846,0.56505176,0.56505176,0.42285714,0.28461538,0.82222222,0.67352289,0.68989519,0.25498869,45
3B,Vanilla-DPO,100,4,0.61153846,0.55997922,0.55997922,0.40935673,0.26923077,0.85365854,0.67473938,0.69214890,0.21645134,41
3B,Vanilla-DPO,100,5,0.62307692,0.57677231,0.57677231,0.43678161,0.29230769,0.86363636,0.67377458,0.69273535,0.24670308,44
3B,Vanilla-DPO,150,1,0.62307692,0.60035134,0.60035134,0.50505051,0.38461538,0.73529412,0.67101819,0.65904967,0.30996458,68
3B,Vanilla-DPO,150,2,0.62692308,0.60519106,0.60519106,0.51256281,0.39230769,0.73913043,0.67053931,0.66423857,0.31111683,69
3B,Vanilla-DPO,150,3,0.64615385,0.62625000,0.62625000,0.54000000,0.41538462,0.77142857,0.67114101,0.65699963,0.28593683,70
3B,Vanilla-DPO,150,4,0.63461538,0.61025641,0.61025641,0.51282051,0.38461538,0.76923077,0.67069649,0.65806293,0.25665439,65
3B,Vanilla-DPO,150,5,0.64230769,0.61999654,0.61999654,0.52791878,0.40000000,0.77611940,0.67565691,0.64954444,0.23377287,67
3B,IPO,50,1,0.52692308,0.40156066,0.40156066,0.12765957,0.06923077,0.81818182,0.68595871,0.75201083,0.34258369,11
3B,IPO,50,2,0.53076923,0.40375940,0.40375940,0.12857143,0.06923077,0.90000000,0.68786675,0.75372140,0.19345197,10
3B,IPO,50,3,0.54230769,0.43098851,0.43098851,0.17931034,0.10000000,0.86666667,0.68303503,0.75584592,0.42087936,15
3B,IPO,50,4,0.53461538,0.41129138,0.41129138,0.14184397,0.07692308,0.90909091,0.68223194,0.74979634,0.27472684,11
3B,IPO,50,5,0.53846154,0.41873463,0.41873463,0.15492958,0.08461538,0.91666667,0.67769735,0.76159857,0.45367366,12
3B,IPO,100,1,0.60769231,0.55949771,0.55949771,0.41379310,0.27692308,0.81818182,0.66990492,0.69872199,0.26745557,44
3B,IPO,100,2,0.60769231,0.55693665,0.55693665,0.40697674,0.26923077,0.83333333,0.67528278,0.70404298,0.28293110,42
3B,IPO,100,3,0.61923077,0.57122154,0.57122154,0.42774566,0.28461538,0.86046512,0.67682560,0.69519952,0.22838549,43
3B,IPO,100,4,0.61153846,0.56255934,0.56255934,0.41618497,0.27692308,0.83720930,0.67692951,0.69516257,0.25952872,43
3B,IPO,100,5,0.62307692,0.57914905,0.57914905,0.44318182,0.30000000,0.84782609,0.67790919,0.68756649,0.25438910,46
3B,IPO,150,1,0.63076923,0.61000000,0.61000000,0.52000000,0.40000000,0.74285714,0.67560209,0.65811534,0.29004290,70
3B,IPO,150,2,0.63461538,0.61182443,0.61182443,0.51776650,0.39230769,0.76119403,0.67098397,0.66930162,0.31001943,67
3B,IPO,150,3,0.61153846,0.58564103,0.58564103,0.48205128,0.36153846,0.72307692,0.68474048,0.65417118,0.24360730,65
3B,IPO,150,4,0.63846154,0.61356018,0.61356018,0.51546392,0.38461538,0.78125000,0.67912395,0.66236475,0.24164880,64
3B,IPO,150,5,0.63461538,0.61333145,0.61333145,0.52261307,0.40000000,0.75362319,0.68070001,0.65484469,0.27431619,69
3B,SimPO,50,1,0.52692308,0.39613663,0.39613663,0.11510791,0.06153846,0.88888889,0.68681713,0.75810132,0.35099853,9
3B,SimPO,50,2,0.52307692,0.38842097,0.38842097,0.10144928,0.05384615,0.87500000,0.68590539,0.75639347,0.37312327,8
3B,SimPO,50,3,0.53461538,0.41129138,0.41129138,0.14184397,0.07692308,0.90909091,0.68149506,0.76455797,0.43833385,11
3B,SimPO,50,4,0.51923077,0.38631772,0.38631772,0.10071942,0.05384615,0.77777778,0.69263136,0.75786144,0.46183082,9
3B,SimPO,50,5,0.53461538,0.40595555,0.40595555,0.12949640,0.06923077,1.00000000,0.68252577,0.76043026,0.38536148,9
3B,SimPO,100,1,0.63076923,0.58773784,0.58773784,0.45454545,0.30769231,0.86956522,0.67199891,0.69704590,0.28595225,46
3B,SimPO,100,2,0.64230769,0.60171962,0.60171962,0.47457627,0.32307692,0.89361702,0.67436505,0.68783588,0.24523404,47
3B,SimPO,100,3,0.60384615,0.55389715,0.55389715,0.40462428,0.26923077,0.81395349,0.67413681,0.70319935,0.29599263,43
3B,SimPO,100,4,0.62307692,0.57677231,0.57677231,0.43678161,0.29230769,0.86363636,0.66984859,0.69037523,0.26213896,44
3B,SimPO,100,5,0.62692308,0.58458928,0.58458928,0.45197740,0.30769231,0.85106383,0.67491929,0.68409827,0.22665492,47
3B,SimPO,150,1,0.66153846,0.64250000,0.64250000,0.56000000,0.43076923,0.80000000,0.67863064,0.65352327,0.26188747,70
3B,SimPO,150,2,0.64230769,0.62424826,0.62424826,0.54187192,0.42307692,0.75342466,0.67517182,0.66489935,0.33921039,73
3B,SimPO,150,3,0.64615385,0.62481962,0.62481962,0.53535354,0.40769231,0.77941176,0.68266572,0.65058469,0.24554543,68
3B,SimPO,150,4,0.64230769,0.62288869,0.62288869,0.53731343,0.41538462,0.76056338,0.67942404,0.65363437,0.27658629,71
3B,SimPO,150,5,0.63846154,0.61666353,0.61666353,0.52525253,0.40000000,0.76470588,0.67946372,0.66336897,0.28714758,68
3B,ORPO,50,1,0.53076923,0.40904687,0.40904687,0.14084507,0.07692308,0.83333333,0.68277762,0.75948001,0.43942199,12
3B,ORPO,50,2,0.53846154,0.41353383,0.41353383,0.14285714,0.07692308,1.00000000,0.68867783,0.76113822,0.31566385,10
3B,ORPO,50,3,0.53461538,0.41129138,0.41129138,0.14184397,0.07692308,0.90909091,0.68381771,0.74926224,0.25137582,11
3B,ORPO,50,4,0.54230769,0.42609115,0.42609115,0.16783217,0.09230769,0.92307692,0.68897293,0.75497687,0.33857122,13
3B,ORPO,50,5,0.53846154,0.41353383,0.41353383,0.14285714,0.07692308,1.00000000,0.68255673,0.76134866,0.36699484,10
3B,ORPO,100,1,0.61923077,0.57122154,0.57122154,0.42774566,0.28461538,0.86046512,0.67176785,0.70354127,0.26704931,43
3B,ORPO,100,2,0.61538462,0.56813501,0.56813501,0.42528736,0.28461538,0.84090909,0.67404814,0.70251930,0.26565847,44
3B,ORPO,100,3,0.61153846,0.55997922,0.55997922,0.40935673,0.26923077,0.85365854,0.67448288,0.69102900,0.18624614,41
3B,ORPO,100,4,0.62307692,0.57677231,0.57677231,0.43678161,0.29230769,0.86363636,0.67048180,0.67907895,0.20963804,44
3B,ORPO,100,5,0.61923077,0.56869250,0.56869250,0.42105263,0.27692308,0.87804878,0.67089168,0.70714702,0.29376211,41
3B,ORPO,150,1,0.64230769,0.61348487,0.61348487,0.50793651,0.36923077,0.81355932,0.68290870,0.68337277,0.30157206,59
3B,ORPO,150,2,0.63076923,0.60365854,0.60365854,0.50000000,0.36923077,0.77419355,0.67556212,0.67564582,0.28542788,62
3B,ORPO,150,3,0.62307692,0.59362041,0.59362041,0.48421053,0.35384615,0.76666667,0.67838087,0.68011496,0.31156448,60
3B,ORPO,150,4,0.64615385,0.61676493,0.61676493,0.51063830,0.36923077,0.82758621,0.67941498,0.67871078,0.26955453,58
3B,ORPO,150,5,0.63461538,0.60334666,0.60334666,0.49197861,0.35384615,0.80701754,0.67705177,0.69184370,0.31634651,57
