Model_Size,Conversation_Setting,Method,Run,Accuracy,Weighted_F1,Macro_F1,Binary_F1,Binary_Recall,Binary_Precision,Turn_F1,Trajectory_F1,Post_Clarification_F1
0.5B,50,SFT,7,0.77000000,0.76745008,0.60527490,0.35028249,0.34065934,0.36046512,0.53656000,0.54954000,0.18023256
0.5B,50,SFT,42,0.79200000,0.79016900,0.64460483,0.41573034,0.40659341,0.42528736,0.53490000,0.55492000,0.23712644
0.5B,50,SFT,123,0.77000000,0.77236761,0.62178766,0.38502674,0.39560440,0.37500000,0.53652000,0.54916000,0.20520833
0.5B,50,SFT,1337,0.78200000,0.77643462,0.61554469,0.36257310,0.34065934,0.38750000,0.53936000,0.55530000,0.19637500
0.5B,50,SFT,2024,0.77600000,0.77299735,0.61385702,0.36363636,0.35164835,0.37647059,0.53578000,0.54872000,0.20329412
0.5B,50,Vanilla-DPO,7,0.80200000,0.79593335,0.64753380,0.41420118,0.38461538,0.44871795,0.53142000,0.56642000,0.25833333
0.5B,50,Vanilla-DPO,42,0.81000000,0.80417847,0.66177486,0.43786982,0.40659341,0.47435897,0.53318000,0.56514000,0.29500000
0.5B,50,Vanilla-DPO,123,0.79400000,0.78660324,0.62979204,0.38323353,0.35164835,0.42105263,0.53676000,0.56024000,0.19736842
0.5B,50,Vanilla-DPO,1337,0.78600000,0.78362746,0.63273404,0.39548023,0.38461538,0.40697674,0.54052000,0.56754000,0.27197674
0.5B,50,Vanilla-DPO,2024,0.80200000,0.79792710,0.65401794,0.42774566,0.40659341,0.45121951,0.54498000,0.54864000,0.19121951
0.5B,50,Dyn-Beta,7,0.76800000,0.76595774,0.60359769,0.34831461,0.34065934,0.35632184,0.52590000,0.54388000,0.17057471
0.5B,50,Dyn-Beta,42,0.77600000,0.76971339,0.60311836,0.34117647,0.31868132,0.36708861,0.54038000,0.55814000,0.26645570
0.5B,50,Dyn-Beta,123,0.77400000,0.77043879,0.60865801,0.35428571,0.34065934,0.36904762,0.53222000,0.54602000,0.18404762
0.5B,50,Dyn-Beta,1337,0.77600000,0.77084103,0.60678575,0.34883721,0.32967033,0.37037037,0.53948000,0.54622000,0.19308642
0.5B,50,Dyn-Beta,2024,0.78800000,0.78205018,0.62437987,0.37647059,0.35164835,0.40506329,0.53140000,0.56124000,0.23481013
0.5B,50,Conf-Filt,7,0.79800000,0.79284309,0.64376160,0.40935673,0.38461538,0.43750000,0.54048000,0.55364000,0.18512500
0.5B,50,Conf-Filt,42,0.78800000,0.78311740,0.62785080,0.38372093,0.36263736,0.40740741,0.53426000,0.55240000,0.16358025
0.5B,50,Conf-Filt,123,0.79600000,0.78214218,0.61265038,0.34615385,0.29670330,0.41538462,0.54390000,0.56448000,0.21753846
0.5B,50,Conf-Filt,1337,0.79200000,0.78616244,0.63146704,0.38823529,0.36263736,0.41772152,0.54038000,0.55424000,0.16189873
0.5B,50,Conf-Filt,2024,0.78600000,0.77715420,0.61168572,0.35151515,0.31868132,0.39189189,0.54152000,0.57224000,0.26094595
0.5B,50,UCP-Clarify,7,0.78600000,0.77344829,0.59990727,0.32704403,0.28571429,0.38235294,0.52950000,0.56198000,0.18411765
0.5B,50,UCP-Clarify,42,0.78600000,0.78053674,0.62259892,0.37426901,0.35164835,0.40000000,0.53886000,0.56198000,0.23362500
0.5B,50,UCP-Clarify,123,0.79000000,0.78131954,0.61894393,0.36363636,0.32967033,0.40540541,0.53360000,0.55106000,0.19864865
0.5B,50,UCP-Clarify,1337,0.78000000,0.77493315,0.61380744,0.36046512,0.34065934,0.38271605,0.54206000,0.55782000,0.24518519
0.5B,50,UCP-Clarify,2024,0.77800000,0.77233251,0.60849047,0.35087719,0.32967033,0.37500000,0.53540000,0.55096000,0.19750000
0.5B,50,IPO,7,0.79200000,0.78282460,0.62072587,0.36585366,0.32967033,0.41095890,0.53940000,0.57668000,0.28890411
0.5B,50,IPO,42,0.79400000,0.78548488,0.62620214,0.37575758,0.34065934,0.41891892,0.54320000,0.56396000,0.23959459
0.5B,50,IPO,123,0.79000000,0.78245962,0.62260353,0.37125749,0.34065934,0.40789474,0.53302000,0.55844000,0.22631579
0.5B,50,IPO,1337,0.79600000,0.78700105,0.62801961,0.37804878,0.34065934,0.42465753,0.53902000,0.56240000,0.19219178
0.5B,50,IPO,2024,0.80200000,0.79381557,0.64071856,0.40000000,0.36263736,0.44594595,0.53230000,0.56330000,0.24243243
0.5B,50,SimPO,7,0.77200000,0.76560113,0.59603118,0.32941176,0.30769231,0.35443038,0.54022000,0.55912000,0.23962025
0.5B,50,SimPO,42,0.79400000,0.79075394,0.64329004,0.41142857,0.39560440,0.42857143,0.54062000,0.56060000,0.25047619
0.5B,50,SimPO,123,0.79800000,0.78965023,0.63346035,0.38787879,0.35164835,0.43243243,0.53610000,0.56294000,0.19054054
0.5B,50,SimPO,1337,0.78800000,0.78095032,0.62082189,0.36904762,0.34065934,0.40259740,0.54092000,0.57446000,0.28571429
0.5B,50,SimPO,2024,0.79400000,0.78874098,0.63670737,0.39766082,0.37362637,0.42500000,0.54178000,0.55126000,0.18675000
0.5B,50,ORPO,7,0.80800000,0.80161538,0.65659341,0.42857143,0.39560440,0.46753247,0.53870000,0.56112000,0.24792208
0.5B,50,ORPO,42,0.79800000,0.79181079,0.64041328,0.40236686,0.37362637,0.43589744,0.54648000,0.55696000,0.21615385
0.5B,50,ORPO,123,0.79000000,0.78356568,0.62617222,0.37869822,0.35164835,0.41025641,0.53894000,0.56128000,0.24679487
0.5B,50,ORPO,1337,0.79200000,0.78397111,0.62439687,0.37349398,0.34065934,0.41333333,0.53988000,0.55154000,0.23933333
0.5B,50,ORPO,2024,0.77800000,0.77343341,0.61208072,0.35838150,0.34065934,0.37804878,0.53602000,0.55782000,0.23487805
0.5B,100,SFT,7,0.79800000,0.78965023,0.63346035,0.38787879,0.35164835,0.43243243,0.56608000,0.61760000,0.47891892
0.5B,100,SFT,42,0.80000000,0.79227991,0.63884314,0.39759036,0.36263736,0.44000000,0.55154000,0.60966000,0.45173333
0.5B,100,SFT,123,0.79200000,0.78282460,0.62072587,0.36585366,0.32967033,0.41095890,0.55300000,0.62220000,0.46397260
0.5B,100,SFT,1337,0.81200000,0.80574840,0.66374771,0.44047619,0.40659341,0.48051948,0.56288000,0.60510000,0.43974026
0.5B,100,SFT,2024,0.81200000,0.80574840,0.66374771,0.44047619,0.40659341,0.48051948,0.55712000,0.59668000,0.39948052
0.5B,100,Vanilla-DPO,7,0.79600000,0.78464643,0.62053571,0.36250000,0.31868132,0.42028986,0.55426000,0.60854000,0.46782609
0.5B,100,Vanilla-DPO,42,0.79800000,0.79074687,0.63698054,0.39520958,0.36263736,0.43421053,0.56226000,0.62142000,0.54565789
0.5B,100,Vanilla-DPO,123,0.81000000,0.80108289,0.65183866,0.41717791,0.37362637,0.47222222,0.55650000,0.60902000,0.50694444
0.5B,100,Vanilla-DPO,1337,0.81200000,0.80474312,0.66051255,0.43373494,0.39560440,0.48000000,0.55722000,0.60668000,0.45186667
0.5B,100,Vanilla-DPO,2024,0.80000000,0.78766048,0.62416188,0.36708861,0.31868132,0.43283582,0.55180000,0.60500000,0.44059701
0.5B,100,Dyn-Beta,7,0.80800000,0.79615406,0.63919541,0.39240506,0.34065934,0.46268657,0.55872000,0.61156000,0.49298507
0.5B,100,Dyn-Beta,42,0.81000000,0.80214625,0.65523498,0.42424242,0.38461538,0.47297297,0.55144000,0.60658000,0.41418919
0.5B,100,Dyn-Beta,123,0.80200000,0.79381557,0.64071856,0.40000000,0.36263736,0.44594595,0.55268000,0.61502000,0.48581081
0.5B,100,Dyn-Beta,1337,0.80000000,0.79117750,0.63531334,0.39024390,0.35164835,0.43835616,0.53890000,0.60446000,0.47630137
0.5B,100,Dyn-Beta,2024,0.80600000,0.79462135,0.63729911,0.38993711,0.34065934,0.45588235,0.55970000,0.61460000,0.49397059
0.5B,100,Conf-Filt,7,0.81200000,0.80040085,0.64671217,0.40506329,0.35164835,0.47761194,0.56410000,0.62346000,0.46552239
0.5B,100,Conf-Filt,42,0.80400000,0.79643431,0.64606628,0.40963855,0.37362637,0.45333333,0.55284000,0.61692000,0.46960000
0.5B,100,Conf-Filt,123,0.80200000,0.79270743,0.63717923,0.39263804,0.35164835,0.44444444,0.55100000,0.62120000,0.52305556
0.5B,100,Conf-Filt,1337,0.80400000,0.79535395,0.64260707,0.40243902,0.36263736,0.45205479,0.55714000,0.59938000,0.46260274
0.5B,100,Conf-Filt,2024,0.79800000,0.78851971,0.62984952,0.38036810,0.34065934,0.43055556,0.56134000,0.61978000,0.46388889
0.5B,100,UCP-Clarify,7,0.80000000,0.79227991,0.63884314,0.39759036,0.36263736,0.44000000,0.55604000,0.61226000,0.47893333
0.5B,100,UCP-Clarify,42,0.79800000,0.78491245,0.61843885,0.35668790,0.30769231,0.42424242,0.56444000,0.61138000,0.46015152
0.5B,100,UCP-Clarify,123,0.79600000,0.79027470,0.63855422,0.40000000,0.37362637,0.43037975,0.55048000,0.62362000,0.53898734
0.5B,100,UCP-Clarify,1337,0.79800000,0.78735410,0.62614470,0.37267081,0.32967033,0.42857143,0.55390000,0.60536000,0.46657143
0.5B,100,UCP-Clarify,2024,0.81200000,0.80153690,0.65029762,0.41250000,0.36263736,0.47826087,0.54960000,0.60804000,0.42637681
0.5B,100,IPO,7,0.79400000,0.77934919,0.60679519,0.33548387,0.28571429,0.40625000,0.56046000,0.61634000,0.51734375
0.5B,100,IPO,42,0.78600000,0.76938247,0.58716269,0.30065359,0.25274725,0.37096774,0.55656000,0.62670000,0.49403226
0.5B,100,IPO,123,0.80600000,0.79220263,0.62970032,0.37419355,0.31868132,0.45312500,0.55274000,0.60660000,0.51359375
0.5B,100,IPO,1337,0.80800000,0.78977693,0.61933765,0.35135135,0.28571429,0.45614035,0.55128000,0.62282000,0.54298246
0.5B,100,IPO,2024,0.79400000,0.78065329,0.61088318,0.34394904,0.29670330,0.40909091,0.56460000,0.61852000,0.51136364
0.5B,100,SimPO,7,0.79200000,0.77515293,0.59657398,0.31578947,0.26373626,0.39344262,0.55422000,0.62100000,0.48836066
0.5B,100,SimPO,42,0.79600000,0.78214218,0.61265038,0.34615385,0.29670330,0.41538462,0.55768000,0.61894000,0.50492308
0.5B,100,SimPO,123,0.80200000,0.78662490,0.61802903,0.35294118,0.29670330,0.43548387,0.55300000,0.62222000,0.47709677
0.5B,100,SimPO,1337,0.78600000,0.77078023,0.59152510,0.30967742,0.26373626,0.37500000,0.56692000,0.62184000,0.49875000
0.5B,100,SimPO,2024,0.78600000,0.77078023,0.59152510,0.30967742,0.26373626,0.37500000,0.55938000,0.61318000,0.45671875
0.5B,100,ORPO,7,0.80000000,0.79004096,0.63169215,0.38271605,0.34065934,0.43661972,0.55670000,0.61558000,0.52436620
0.5B,100,ORPO,42,0.80400000,0.78678275,0.61568627,0.34666667,0.28571429,0.44067797,0.55016000,0.61118000,0.44423729
0.5B,100,ORPO,123,0.79000000,0.77893248,0.61133855,0.34782609,0.30769231,0.40000000,0.55276000,0.61358000,0.48714286
0.5B,100,ORPO,1337,0.79800000,0.78095277,0.60608117,0.33112583,0.27472527,0.41666667,0.55382000,0.61674000,0.49483333
0.5B,100,ORPO,2024,0.80200000,0.78791815,0.62206528,0.36129032,0.30769231,0.43750000,0.56020000,0.61356000,0.49734375
0.5B,150,SFT,7,0.80800000,0.80261148,0.65981573,0.43529412,0.40659341,0.46835443,0.58074000,0.62828000,0.40227848
0.5B,150,SFT,42,0.81400000,0.80925156,0.67197850,0.45614035,0.42857143,0.48750000,0.59104000,0.62140000,0.39875000
0.5B,150,SFT,123,0.81200000,0.80672374,0.66690291,0.44705882,0.41758242,0.48101266,0.58436000,0.63016000,0.44265823
0.5B,150,SFT,1337,0.79000000,0.78568026,0.63304933,0.39306358,0.37362637,0.41463415,0.57798000,0.63108000,0.43621951
0.5B,150,SFT,2024,0.79800000,0.79181079,0.64041328,0.40236686,0.37362637,0.43589744,0.59274000,0.63386000,0.45282051
0.5B,150,Vanilla-DPO,7,0.80400000,0.79190727,0.63167864,0.37974684,0.32967033,0.44776119,0.57786000,0.61520000,0.39044776
0.5B,150,Vanilla-DPO,42,0.80600000,0.79689516,0.64450895,0.40490798,0.36263736,0.45833333,0.57138000,0.61180000,0.32708333
0.5B,150,Vanilla-DPO,123,0.82200000,0.80934056,0.66024050,0.42580645,0.36263736,0.51562500,0.56812000,0.61344000,0.33562500
0.5B,150,Vanilla-DPO,1337,0.81200000,0.80040085,0.64671217,0.40506329,0.35164835,0.47761194,0.58244000,0.63032000,0.41552239
0.5B,150,Vanilla-DPO,2024,0.81600000,0.80231764,0.64692518,0.40259740,0.34065934,0.49206349,0.58542000,0.61936000,0.30666667
0.5B,150,Dyn-Beta,7,0.82000000,0.80998214,0.66517857,0.43750000,0.38461538,0.50724638,0.57244000,0.62558000,0.38521739
0.5B,150,Dyn-Beta,42,0.81600000,0.80464764,0.65422893,0.41772152,0.36263736,0.49253731,0.57242000,0.63554000,0.45820896
0.5B,150,Dyn-Beta,123,0.81200000,0.80153690,0.65029762,0.41250000,0.36263736,0.47826087,0.57462000,0.61458000,0.35202899
0.5B,150,Dyn-Beta,1337,0.81400000,0.80631159,0.66249320,0.43636364,0.39560440,0.48648649,0.58146000,0.63808000,0.42175676
0.5B,150,Dyn-Beta,2024,0.81000000,0.79524612,0.63346220,0.37908497,0.31868132,0.46774194,0.57430000,0.63330000,0.43854839
0.5B,150,Conf-Filt,7,0.82000000,0.80661509,0.65460072,0.41558442,0.35164835,0.50793651,0.57490000,0.62242000,0.43349206
0.5B,150,Conf-Filt,42,0.80800000,0.79843932,0.64642447,0.40740741,0.36263736,0.46478873,0.57138000,0.62150000,0.40478873
0.5B,150,Conf-Filt,123,0.80400000,0.79309167,0.63541667,0.38750000,0.34065934,0.44927536,0.58128000,0.62462000,0.41956522
0.5B,150,Conf-Filt,1337,0.80800000,0.79843932,0.64642447,0.40740741,0.36263736,0.46478873,0.57210000,0.61558000,0.36661972
0.5B,150,Conf-Filt,2024,0.81000000,0.79998653,0.64835393,0.40993789,0.36263736,0.47142857,0.57594000,0.62424000,0.39985714
0.5B,150,UCP-Clarify,7,0.80400000,0.78812488,0.61984856,0.35526316,0.29670330,0.44262295,0.57562000,0.62478000,0.42901639
0.5B,150,UCP-Clarify,42,0.80800000,0.79372276,0.63157410,0.37662338,0.31868132,0.46031746,0.56650000,0.61186000,0.37333333
0.5B,150,UCP-Clarify,123,0.80400000,0.79535395,0.64260707,0.40243902,0.36263736,0.45205479,0.58060000,0.61756000,0.41191781
0.5B,150,UCP-Clarify,1337,0.81000000,0.79885596,0.64477748,0.40251572,0.35164835,0.47058824,0.57786000,0.62686000,0.34323529
0.5B,150,UCP-Clarify,2024,0.81800000,0.80732518,0.65973422,0.42767296,0.37362637,0.50000000,0.57766000,0.61950000,0.38485294
0.5B,150,IPO,7,0.80800000,0.80058871,0.65328942,0.42168675,0.38461538,0.46666667,0.57792000,0.62892000,0.41320000
0.5B,150,IPO,42,0.79800000,0.78851971,0.62984952,0.38036810,0.34065934,0.43055556,0.58610000,0.62442000,0.40361111
0.5B,150,IPO,123,0.79800000,0.78615212,0.62234237,0.36477987,0.31868132,0.42647059,0.57996000,0.61996000,0.38397059
0.5B,150,IPO,1337,0.80600000,0.79903412,0.65135755,0.41916168,0.38461538,0.46052632,0.57538000,0.63816000,0.45486842
0.5B,150,IPO,2024,0.79800000,0.78851971,0.62984952,0.38036810,0.34065934,0.43055556,0.57274000,0.62982000,0.40708333
0.5B,150,SimPO,7,0.79800000,0.78851971,0.62984952,0.38036810,0.34065934,0.43055556,0.58052000,0.61746000,0.36611111
0.5B,150,SimPO,42,0.82600000,0.81975226,0.68730007,0.47904192,0.43956044,0.52631579,0.58824000,0.63524000,0.48078947
0.5B,150,SimPO,123,0.81000000,0.80609166,0.66799701,0.45086705,0.42857143,0.47560976,0.58014000,0.61278000,0.37304878
0.5B,150,SimPO,1337,0.82000000,0.81401442,0.67805632,0.46428571,0.42857143,0.50649351,0.58666000,0.62372000,0.39298701
0.5B,150,SimPO,2024,0.81200000,0.80370685,0.65719454,0.42682927,0.38461538,0.47945205,0.58502000,0.64398000,0.47863014
0.5B,150,ORPO,7,0.81400000,0.80309057,0.65225585,0.41509434,0.36263736,0.48529412,0.56556000,0.64466000,0.52235294
0.5B,150,ORPO,42,0.82600000,0.82066870,0.69025698,0.48520710,0.45054945,0.52564103,0.57618000,0.62680000,0.45038462
0.5B,150,ORPO,123,0.82000000,0.81585440,0.68402427,0.47674419,0.45054945,0.50617284,0.57684000,0.62838000,0.46753086
0.5B,150,ORPO,1337,0.81200000,0.80672374,0.66690291,0.44705882,0.41758242,0.48101266,0.57716000,0.62636000,0.42987342
0.5B,150,ORPO,2024,0.80800000,0.80261148,0.65981573,0.43529412,0.40659341,0.46835443,0.58140000,0.61854000,0.41658228
1.5B,50,SFT,7,0.79000000,0.78463886,0.62965314,0.38596491,0.36263736,0.41250000,0.58788000,0.62776000,0.36800000
1.5B,50,SFT,42,0.78200000,0.77751570,0.61907025,0.36994220,0.35164835,0.39024390,0.58262000,0.62422000,0.38902439
1.5B,50,SFT,123,0.78600000,0.77944312,0.61905169,0.36686391,0.34065934,0.39743590,0.59218000,0.62156000,0.35115385
1.5B,50,SFT,1337,0.79000000,0.78463886,0.62965314,0.38596491,0.36263736,0.41250000,0.58550000,0.62422000,0.36825000
1.5B,50,SFT,2024,0.78800000,0.78515821,0.63454325,0.39772727,0.38461538,0.41176471,0.57620000,0.62180000,0.38223529
1.5B,50,Vanilla-DPO,7,0.77800000,0.77233251,0.60849047,0.35087719,0.32967033,0.37500000,0.57880000,0.63824000,0.38612500
1.5B,50,Vanilla-DPO,42,0.79400000,0.78660324,0.62979204,0.38323353,0.35164835,0.42105263,0.57414000,0.64458000,0.42171053
1.5B,50,Vanilla-DPO,123,0.78200000,0.77532056,0.61193116,0.35502959,0.32967033,0.38461538,0.58200000,0.63730000,0.42961538
1.5B,50,Vanilla-DPO,1337,0.79000000,0.78245962,0.62260353,0.37125749,0.34065934,0.40789474,0.59044000,0.63468000,0.41565789
1.5B,50,Vanilla-DPO,2024,0.77800000,0.77233251,0.60849047,0.35087719,0.32967033,0.37500000,0.58864000,0.63728000,0.39975000
1.5B,50,Dyn-Beta,7,0.78400000,0.77793792,0.61729270,0.36470588,0.34065934,0.39240506,0.58554000,0.61802000,0.38645570
1.5B,50,Dyn-Beta,42,0.77800000,0.77343341,0.61208072,0.35838150,0.34065934,0.37804878,0.57642000,0.63544000,0.38365854
1.5B,50,Dyn-Beta,123,0.79200000,0.78822565,0.63819543,0.40229885,0.38461538,0.42168675,0.57916000,0.65000000,0.43000000
1.5B,50,Dyn-Beta,1337,0.79400000,0.78976254,0.64003886,0.40462428,0.38461538,0.42682927,0.58022000,0.63158000,0.41475610
1.5B,50,Dyn-Beta,2024,0.78600000,0.78053674,0.62259892,0.37426901,0.35164835,0.40000000,0.58898000,0.63572000,0.35962500
1.5B,50,Conf-Filt,7,0.77800000,0.76882352,0.59716930,0.32727273,0.29670330,0.36486486,0.57840000,0.64804000,0.39324324
1.5B,50,Conf-Filt,42,0.78400000,0.78209858,0.63093578,0.39325843,0.38461538,0.40229885,0.59102000,0.63742000,0.41436782
1.5B,50,Conf-Filt,123,0.79600000,0.78921635,0.63513049,0.39285714,0.36263736,0.42857143,0.59142000,0.64788000,0.43792208
1.5B,50,Conf-Filt,1337,0.78200000,0.77643462,0.61554469,0.36257310,0.34065934,0.38750000,0.58964000,0.63580000,0.41800000
1.5B,50,Conf-Filt,2024,0.79000000,0.78568026,0.63304933,0.39306358,0.37362637,0.41463415,0.58770000,0.63638000,0.45170732
1.5B,50,UCP-Clarify,7,0.77600000,0.76855128,0.59935897,0.33333333,0.30769231,0.36363636,0.58214000,0.62896000,0.39233766
1.5B,50,UCP-Clarify,42,0.79000000,0.78568026,0.63304933,0.39306358,0.37362637,0.41463415,0.58060000,0.64344000,0.43024390
1.5B,50,UCP-Clarify,123,0.78400000,0.78008049,0.62427987,0.37931034,0.36263736,0.39759036,0.58866000,0.64428000,0.42325301
1.5B,50,UCP-Clarify,1337,0.78600000,0.77944312,0.61905169,0.36686391,0.34065934,0.39743590,0.57446000,0.63186000,0.39551282
1.5B,50,UCP-Clarify,2024,0.78400000,0.77793792,0.61729270,0.36470588,0.34065934,0.39240506,0.57860000,0.64390000,0.41632911
1.5B,50,IPO,7,0.79000000,0.78862390,0.64275750,0.41340782,0.40659341,0.42045455,0.57506000,0.64258000,0.46068182
1.5B,50,IPO,42,0.76600000,0.76446663,0.60192979,0.34636872,0.34065934,0.35227273,0.57706000,0.63202000,0.42147727
1.5B,50,IPO,123,0.78400000,0.77902528,0.62082912,0.37209302,0.35164835,0.39506173,0.58748000,0.63348000,0.44432099
1.5B,50,IPO,1337,0.78400000,0.77793792,0.61729270,0.36470588,0.34065934,0.39240506,0.57794000,0.62568000,0.44632911
1.5B,50,IPO,2024,0.79000000,0.78463886,0.62965314,0.38596491,0.36263736,0.41250000,0.58196000,0.63722000,0.43800000
1.5B,50,SimPO,7,0.79000000,0.78356568,0.62617222,0.37869822,0.35164835,0.41025641,0.56706000,0.63268000,0.37435897
1.5B,50,SimPO,42,0.78600000,0.78262788,0.62943723,0.38857143,0.37362637,0.40476190,0.58068000,0.62780000,0.42630952
1.5B,50,SimPO,123,0.78000000,0.77600790,0.61732209,0.36781609,0.35164835,0.38554217,0.58900000,0.62296000,0.42385542
1.5B,50,SimPO,1337,0.79000000,0.78669091,0.63636364,0.40000000,0.38461538,0.41666667,0.58800000,0.63424000,0.39833333
1.5B,50,SimPO,2024,0.79800000,0.79074687,0.63698054,0.39520958,0.36263736,0.43421053,0.58404000,0.62612000,0.42065789
1.5B,50,ORPO,7,0.77600000,0.77084103,0.60678575,0.34883721,0.32967033,0.37037037,0.58274000,0.63006000,0.42320988
1.5B,50,ORPO,42,0.79800000,0.79284309,0.64376160,0.40935673,0.38461538,0.43750000,0.56496000,0.63196000,0.40975000
1.5B,50,ORPO,123,0.78800000,0.78515821,0.63454325,0.39772727,0.38461538,0.41176471,0.57522000,0.62820000,0.40670588
1.5B,50,ORPO,1337,0.79000000,0.78245962,0.62260353,0.37125749,0.34065934,0.40789474,0.57480000,0.63148000,0.44236842
1.5B,50,ORPO,2024,0.78000000,0.77493315,0.61380744,0.36046512,0.34065934,0.38271605,0.57422000,0.64606000,0.47641975
1.5B,100,SFT,7,0.80200000,0.79489050,0.64416904,0.40718563,0.37362637,0.44736842,0.60928000,0.65364000,0.49789474
1.5B,100,SFT,42,0.81600000,0.80683768,0.66115678,0.43209877,0.38461538,0.49295775,0.60788000,0.66978000,0.53140845
1.5B,100,SFT,123,0.80400000,0.79424014,0.63905831,0.39506173,0.35164835,0.45070423,0.59660000,0.65006000,0.51408451
1.5B,100,SFT,1337,0.78200000,0.77751570,0.61907025,0.36994220,0.35164835,0.39024390,0.60550000,0.64234000,0.42146341
1.5B,100,SFT,2024,0.81600000,0.80464764,0.65422893,0.41772152,0.36263736,0.49253731,0.60152000,0.65550000,0.47716418
1.5B,100,Vanilla-DPO,7,0.82000000,0.81103686,0.66852294,0.44444444,0.39560440,0.50704225,0.60526000,0.65736000,0.51267606
1.5B,100,Vanilla-DPO,42,0.83200000,0.82265000,0.68750000,0.47500000,0.41758242,0.55072464,0.61384000,0.66582000,0.52608696
1.5B,100,Vanilla-DPO,123,0.81600000,0.80464764,0.65422893,0.41772152,0.36263736,0.49253731,0.61148000,0.66212000,0.52701493
1.5B,100,Vanilla-DPO,1337,0.83000000,0.81790952,0.67551059,0.45161290,0.38461538,0.54687500,0.60576000,0.66458000,0.55765625
1.5B,100,Vanilla-DPO,2024,0.81000000,0.79768993,0.64110585,0.39490446,0.34065934,0.46969697,0.60666000,0.66108000,0.52484848
1.5B,100,Dyn-Beta,7,0.81800000,0.80386734,0.64889537,0.40522876,0.34065934,0.50000000,0.60440000,0.66986000,0.51854839
1.5B,100,Dyn-Beta,42,0.80600000,0.79798091,0.64797677,0.41212121,0.37362637,0.45945946,0.60884000,0.65788000,0.48216216
1.5B,100,Dyn-Beta,123,0.81200000,0.80574840,0.66374771,0.44047619,0.40659341,0.48051948,0.60008000,0.65516000,0.51948052
1.5B,100,Dyn-Beta,1337,0.79800000,0.78965023,0.63346035,0.38787879,0.35164835,0.43243243,0.59888000,0.64964000,0.45148649
1.5B,100,Dyn-Beta,2024,0.81600000,0.80575952,0.65773810,0.42500000,0.37362637,0.49275362,0.60370000,0.65850000,0.51289855
1.5B,100,Conf-Filt,7,0.80800000,0.79843932,0.64642447,0.40740741,0.36263736,0.46478873,0.60676000,0.66768000,0.50225352
1.5B,100,Conf-Filt,42,0.81800000,0.80620825,0.65621718,0.42038217,0.36263736,0.50000000,0.60152000,0.66192000,0.49530303
1.5B,100,Conf-Filt,123,0.81600000,0.80683768,0.66115678,0.43209877,0.38461538,0.49295775,0.59540000,0.64276000,0.46830986
1.5B,100,Conf-Filt,1337,0.81400000,0.80732138,0.66573456,0.44311377,0.40659341,0.48684211,0.61230000,0.65854000,0.47578947
1.5B,100,Conf-Filt,2024,0.80000000,0.79438696,0.64564139,0.41176471,0.38461538,0.44303797,0.61010000,0.65988000,0.48772152
1.5B,100,UCP-Clarify,7,0.82000000,0.81305192,0.67495883,0.45783133,0.41758242,0.50666667,0.60308000,0.66364000,0.48586667
1.5B,100,UCP-Clarify,42,0.80400000,0.79748237,0.64943910,0.41666667,0.38461538,0.45454545,0.60728000,0.65616000,0.46818182
1.5B,100,UCP-Clarify,123,0.82000000,0.80998214,0.66517857,0.43750000,0.38461538,0.50724638,0.60932000,0.66548000,0.56608696
1.5B,100,UCP-Clarify,1337,0.81600000,0.80788330,0.66448827,0.43902439,0.39560440,0.49315068,0.60604000,0.65716000,0.46205479
1.5B,100,UCP-Clarify,2024,0.80400000,0.79643431,0.64606628,0.40963855,0.37362637,0.45333333,0.61570000,0.65964000,0.49200000
1.5B,100,IPO,7,0.81600000,0.80889752,0.66773569,0.44578313,0.40659341,0.49333333,0.61316000,0.66036000,0.55026667
1.5B,100,IPO,42,0.82000000,0.81103686,0.66852294,0.44444444,0.39560440,0.50704225,0.61578000,0.65206000,0.46788732
1.5B,100,IPO,123,0.82400000,0.81091253,0.66227626,0.42857143,0.36263736,0.52380952,0.61280000,0.67418000,0.54047619
1.5B,100,IPO,1337,0.81800000,0.81047694,0.66975141,0.44848485,0.40659341,0.50000000,0.61228000,0.65758000,0.42783784
1.5B,100,IPO,2024,0.81000000,0.79885596,0.64477748,0.40251572,0.35164835,0.47058824,0.59258000,0.66016000,0.50705882
1.5B,100,SimPO,7,0.79600000,0.78584177,0.62432600,0.37037037,0.32967033,0.42253521,0.60880000,0.65464000,0.46507042
1.5B,100,SimPO,42,0.81800000,0.80505608,0.65260546,0.41290323,0.35164835,0.50000000,0.59820000,0.65536000,0.49968750
1.5B,100,SimPO,123,0.80600000,0.79343077,0.63355018,0.38216561,0.32967033,0.45454545,0.60424000,0.64754000,0.47727273
1.5B,100,SimPO,1337,0.80400000,0.79309167,0.63541667,0.38750000,0.34065934,0.44927536,0.59608000,0.65782000,0.48260870
1.5B,100,SimPO,2024,0.81400000,0.80419734,0.65575700,0.42236025,0.37362637,0.48571429,0.60218000,0.64406000,0.46071429
1.5B,100,ORPO,7,0.81600000,0.80889752,0.66773569,0.44578313,0.40659341,0.49333333,0.60170000,0.65108000,0.46400000
1.5B,100,ORPO,42,0.81800000,0.80840815,0.66316008,0.43478261,0.38461538,0.50000000,0.60034000,0.65466000,0.47828571
1.5B,100,ORPO,123,0.82000000,0.80998214,0.66517857,0.43750000,0.38461538,0.50724638,0.59792000,0.66230000,0.51478261
1.5B,100,ORPO,1337,0.82200000,0.81560863,0.68011157,0.46706587,0.42857143,0.51315789,0.59882000,0.65886000,0.46473684
1.5B,100,ORPO,2024,0.81000000,0.79998653,0.64835393,0.40993789,0.36263736,0.47142857,0.60728000,0.65784000,0.50914286
1.5B,150,SFT,7,0.79600000,0.78921635,0.63513049,0.39285714,0.36263736,0.42857143,0.62520000,0.66516000,0.45545455
1.5B,150,SFT,42,0.81000000,0.80317775,0.65854605,0.43113772,0.39560440,0.47368421,0.60046000,0.67674000,0.48723684
1.5B,150,SFT,123,0.79800000,0.78615212,0.62234237,0.36477987,0.31868132,0.42647059,0.62182000,0.66584000,0.42014706
1.5B,150,SFT,1337,0.80600000,0.80005591,0.65465433,0.42603550,0.39560440,0.46153846,0.61310000,0.67384000,0.48217949
1.5B,150,SFT,2024,0.80600000,0.79689516,0.64450895,0.40490798,0.36263736,0.45833333,0.62008000,0.66974000,0.43222222
1.5B,150,Vanilla-DPO,7,0.81000000,0.79768993,0.64110585,0.39490446,0.34065934,0.46969697,0.62622000,0.67682000,0.45969697
1.5B,150,Vanilla-DPO,42,0.82000000,0.80998214,0.66517857,0.43750000,0.38461538,0.50724638,0.63204000,0.66958000,0.44260870
1.5B,150,Vanilla-DPO,123,0.83400000,0.82324489,0.68643985,0.47133758,0.40659341,0.56060606,0.63368000,0.67808000,0.47818182
1.5B,150,Vanilla-DPO,1337,0.81600000,0.80988141,0.67090201,0.45238095,0.41758242,0.49350649,0.62948000,0.68176000,0.51740260
1.5B,150,Vanilla-DPO,2024,0.81000000,0.80214625,0.65523498,0.42424242,0.38461538,0.47297297,0.62940000,0.66462000,0.44243243
1.5B,150,Dyn-Beta,7,0.80800000,0.79495735,0.63543565,0.38461538,0.32967033,0.46153846,0.62308000,0.69080000,0.52184615
1.5B,150,Dyn-Beta,42,0.81600000,0.81083600,0.67399008,0.45882353,0.42857143,0.49367089,0.61768000,0.66916000,0.49822785
1.5B,150,Dyn-Beta,123,0.80600000,0.79689516,0.64450895,0.40490798,0.36263736,0.45833333,0.62914000,0.67686000,0.52250000
1.5B,150,Dyn-Beta,1337,0.82400000,0.81523604,0.67588910,0.45679012,0.40659341,0.52112676,0.62946000,0.67610000,0.49042254
1.5B,150,Dyn-Beta,2024,0.81800000,0.80620825,0.65621718,0.42038217,0.36263736,0.50000000,0.61944000,0.68528000,0.58469697
1.5B,150,Conf-Filt,7,0.81600000,0.80788330,0.66448827,0.43902439,0.39560440,0.49315068,0.62424000,0.67600000,0.48945205
1.5B,150,Conf-Filt,42,0.83400000,0.82620926,0.69581693,0.49079755,0.43956044,0.55555556,0.62592000,0.67952000,0.49569444
1.5B,150,Conf-Filt,123,0.79200000,0.78397111,0.62439687,0.37349398,0.34065934,0.41333333,0.62426000,0.67830000,0.53000000
1.5B,150,Conf-Filt,1337,0.81800000,0.81146500,0.67292306,0.45508982,0.41758242,0.50000000,0.61486000,0.66362000,0.45092105
1.5B,150,Conf-Filt,2024,0.81400000,0.80732138,0.66573456,0.44311377,0.40659341,0.48684211,0.63650000,0.67482000,0.49328947
1.5B,150,UCP-Clarify,7,0.81000000,0.80214625,0.65523498,0.42424242,0.38461538,0.47297297,0.62828000,0.67766000,0.50554054
1.5B,150,UCP-Clarify,42,0.82200000,0.81364608,0.67382780,0.45398773,0.40659341,0.51388889,0.62230000,0.66756000,0.42430556
1.5B,150,UCP-Clarify,123,0.79800000,0.79074687,0.63698054,0.39520958,0.36263736,0.43421053,0.62638000,0.67900000,0.50500000
1.5B,150,UCP-Clarify,1337,0.81000000,0.80514944,0.66492427,0.44444444,0.41758242,0.47500000,0.62862000,0.64582000,0.34725000
1.5B,150,UCP-Clarify,2024,0.81600000,0.80575952,0.65773810,0.42500000,0.37362637,0.49275362,0.62010000,0.67402000,0.54043478
1.5B,150,IPO,7,0.79400000,0.78433198,0.62251981,0.36809816,0.32967033,0.41666667,0.62404000,0.67480000,0.51319444
1.5B,150,IPO,42,0.81800000,0.80620825,0.65621718,0.42038217,0.36263736,0.50000000,0.62004000,0.68276000,0.54151515
1.5B,150,IPO,123,0.81600000,0.80464764,0.65422893,0.41772152,0.36263736,0.49253731,0.63086000,0.67928000,0.52194030
1.5B,150,IPO,1337,0.81800000,0.80945835,0.66649808,0.44171779,0.39560440,0.50000000,0.62742000,0.67710000,0.47527778
1.5B,150,IPO,2024,0.81600000,0.80988141,0.67090201,0.45238095,0.41758242,0.49350649,0.62274000,0.66242000,0.46038961
1.5B,150,SimPO,7,0.80200000,0.79381557,0.64071856,0.40000000,0.36263736,0.44594595,0.63160000,0.66874000,0.49108108
1.5B,150,SimPO,42,0.81600000,0.80683768,0.66115678,0.43209877,0.38461538,0.49295775,0.61312000,0.67548000,0.47845070
1.5B,150,SimPO,123,0.81000000,0.80317775,0.65854605,0.43113772,0.39560440,0.47368421,0.62352000,0.66564000,0.41710526
1.5B,150,SimPO,1337,0.80600000,0.79689516,0.64450895,0.40490798,0.36263736,0.45833333,0.61438000,0.68294000,0.58375000
1.5B,150,SimPO,2024,0.81600000,0.80575952,0.65773810,0.42500000,0.37362637,0.49275362,0.61378000,0.67420000,0.49130435
1.5B,150,ORPO,7,0.79800000,0.79481697,0.65021645,0.42285714,0.40659341,0.44047619,0.62988000,0.67958000,0.51845238
1.5B,150,ORPO,42,0.80200000,0.79270743,0.63717923,0.39263804,0.35164835,0.44444444,0.62512000,0.67088000,0.41763889
1.5B,150,ORPO,123,0.80600000,0.79798091,0.64797677,0.41212121,0.37362637,0.45945946,0.62748000,0.68412000,0.52837838
1.5B,150,ORPO,1337,0.82600000,0.81579440,0.67469096,0.45283019,0.39560440,0.52941176,0.61854000,0.68714000,0.48367647
1.5B,150,ORPO,2024,0.80800000,0.80058871,0.65328942,0.42168675,0.38461538,0.46666667,0.62294000,0.67880000,0.47280000
3B,50,SFT,7,0.77400000,0.77149442,0.61213968,0.36158192,0.35164835,0.37209302,0.60332000,0.63536000,0.38430233
3B,50,SFT,42,0.78200000,0.77958312,0.62586925,0.38418079,0.37362637,0.39534884,0.60178000,0.63886000,0.39337209
3B,50,SFT,123,0.78600000,0.78159798,0.62605979,0.38150289,0.36263736,0.40243902,0.59778000,0.65342000,0.41048780
3B,50,SFT,1337,0.79400000,0.78768823,0.63329275,0.39053254,0.36263736,0.42307692,0.60370000,0.63492000,0.35461538
3B,50,SFT,2024,0.78000000,0.77705097,0.62075243,0.37500000,0.36263736,0.38823529,0.59518000,0.63484000,0.36823529
3B,50,Vanilla-DPO,7,0.77200000,0.76786274,0.60340653,0.34482759,0.32967033,0.36144578,0.60112000,0.63942000,0.39879518
3B,50,Vanilla-DPO,42,0.80200000,0.79593335,0.64753380,0.41420118,0.38461538,0.44871795,0.59690000,0.64282000,0.34512821
3B,50,Vanilla-DPO,123,0.78400000,0.77793792,0.61729270,0.36470588,0.34065934,0.39240506,0.59576000,0.64814000,0.38202532
3B,50,Vanilla-DPO,1337,0.79800000,0.78965023,0.63346035,0.38787879,0.35164835,0.43243243,0.59808000,0.64246000,0.38891892
3B,50,Vanilla-DPO,2024,0.78600000,0.78053674,0.62259892,0.37426901,0.35164835,0.40000000,0.59434000,0.65084000,0.39750000
3B,50,Dyn-Beta,7,0.77400000,0.76935113,0.60509118,0.34682081,0.32967033,0.36585366,0.60492000,0.63402000,0.34536585
3B,50,Dyn-Beta,42,0.78600000,0.78053674,0.62259892,0.37426901,0.35164835,0.40000000,0.59884000,0.63968000,0.30087500
3B,50,Dyn-Beta,123,0.78400000,0.78008049,0.62427987,0.37931034,0.36263736,0.39759036,0.59616000,0.64368000,0.37156627
3B,50,Dyn-Beta,1337,0.78400000,0.77793792,0.61729270,0.36470588,0.34065934,0.39240506,0.59986000,0.63494000,0.35341772
3B,50,Dyn-Beta,2024,0.78000000,0.77493315,0.61380744,0.36046512,0.34065934,0.38271605,0.60384000,0.64680000,0.35259259
3B,50,Conf-Filt,7,0.77200000,0.76441827,0.59220467,0.32142857,0.29670330,0.35064935,0.59816000,0.63728000,0.36883117
3B,50,Conf-Filt,42,0.79200000,0.78616244,0.63146704,0.38823529,0.36263736,0.41772152,0.59544000,0.64324000,0.38873418
3B,50,Conf-Filt,123,0.78000000,0.77806337,0.62410126,0.38202247,0.37362637,0.39080460,0.59640000,0.64484000,0.36896552
3B,50,Conf-Filt,1337,0.78600000,0.77944312,0.61905169,0.36686391,0.34065934,0.39743590,0.59534000,0.63306000,0.35858974
3B,50,Conf-Filt,2024,0.78000000,0.77600790,0.61732209,0.36781609,0.35164835,0.38554217,0.59982000,0.64820000,0.41000000
3B,50,UCP-Clarify,7,0.78200000,0.77751570,0.61907025,0.36994220,0.35164835,0.39024390,0.60118000,0.64348000,0.39012195
3B,50,UCP-Clarify,42,0.79000000,0.78463886,0.62965314,0.38596491,0.36263736,0.41250000,0.60646000,0.65102000,0.40462500
3B,50,UCP-Clarify,123,0.79200000,0.78921183,0.64143866,0.40909091,0.39560440,0.42352941,0.60076000,0.65160000,0.41211765
3B,50,UCP-Clarify,1337,0.79200000,0.78042381,0.61309524,0.35000000,0.30769231,0.40579710,0.59896000,0.64776000,0.39391304
3B,50,UCP-Clarify,2024,0.78000000,0.77493315,0.61380744,0.36046512,0.34065934,0.38271605,0.60176000,0.64724000,0.39790123
3B,50,IPO,7,0.77800000,0.77233251,0.60849047,0.35087719,0.32967033,0.37500000,0.59650000,0.62494000,0.35262500
3B,50,IPO,42,0.79400000,0.78768823,0.63329275,0.39053254,0.36263736,0.42307692,0.59968000,0.63966000,0.38487179
3B,50,IPO,123,0.80600000,0.80005591,0.65465433,0.42603550,0.39560440,0.46153846,0.59224000,0.63172000,0.32666667
3B,50,IPO,1337,0.78600000,0.78262788,0.62943723,0.38857143,0.37362637,0.40476190,0.60478000,0.62630000,0.31119048
3B,50,IPO,2024,0.78600000,0.78159798,0.62605979,0.38150289,0.36263736,0.40243902,0.59864000,0.62742000,0.30182927
3B,50,SimPO,7,0.78400000,0.77793792,0.61729270,0.36470588,0.34065934,0.39240506,0.60076000,0.64258000,0.35746835
3B,50,SimPO,42,0.77200000,0.76674890,0.59976407,0.33720930,0.31868132,0.35802469,0.59676000,0.62902000,0.33456790
3B,50,SimPO,123,0.78600000,0.78159798,0.62605979,0.38150289,0.36263736,0.40243902,0.59998000,0.63212000,0.34939024
3B,50,SimPO,1337,0.78400000,0.77681731,0.61366758,0.35714286,0.32967033,0.38961039,0.60200000,0.64230000,0.38441558
3B,50,SimPO,2024,0.78800000,0.78415307,0.63123765,0.39080460,0.37362637,0.40963855,0.59364000,0.64948000,0.44120482
3B,50,ORPO,7,0.79400000,0.78660324,0.62979204,0.38323353,0.35164835,0.42105263,0.59362000,0.63072000,0.35736842
3B,50,ORPO,42,0.79000000,0.78245962,0.62260353,0.37125749,0.34065934,0.40789474,0.59496000,0.63800000,0.38157895
3B,50,ORPO,123,0.79200000,0.78397111,0.62439687,0.37349398,0.34065934,0.41333333,0.59412000,0.64542000,0.39120000
3B,50,ORPO,1337,0.77200000,0.76786274,0.60340653,0.34482759,0.32967033,0.36144578,0.60226000,0.63802000,0.35759036
3B,50,ORPO,2024,0.78400000,0.77681731,0.61366758,0.35714286,0.32967033,0.38961039,0.58932000,0.63254000,0.31298701
3B,100,SFT,7,0.83000000,0.82297296,0.69152604,0.48484848,0.43956044,0.54054054,0.65382000,0.68128000,0.44094595
3B,100,SFT,42,0.84800000,0.83669718,0.70832950,0.50649351,0.42857143,0.61904762,0.64762000,0.70486000,0.49063492
3B,100,SFT,123,0.85800000,0.84697342,0.72606122,0.53594771,0.45054945,0.66129032,0.65272000,0.69284000,0.52354839
3B,100,SFT,1337,0.83000000,0.81790952,0.67551059,0.45161290,0.38461538,0.54687500,0.63544000,0.68524000,0.49109375
3B,100,SFT,2024,0.83000000,0.81565332,0.66848415,0.43708609,0.36263736,0.55000000,0.64194000,0.68258000,0.47616667
3B,100,Vanilla-DPO,7,0.82800000,0.81842738,0.68005952,0.46250000,0.40659341,0.53623188,0.64868000,0.68098000,0.46000000
3B,100,Vanilla-DPO,42,0.84600000,0.83404159,0.70291147,0.49673203,0.41758242,0.61290323,0.64416000,0.68294000,0.43612903
3B,100,Vanilla-DPO,123,0.85000000,0.83835220,0.71062805,0.50980392,0.42857143,0.62903226,0.64676000,0.68586000,0.46306452
3B,100,Vanilla-DPO,1337,0.84200000,0.83176321,0.70155118,0.49681529,0.42857143,0.59090909,0.63812000,0.67558000,0.42909091
3B,100,Vanilla-DPO,2024,0.83400000,0.82219401,0.68314564,0.46451613,0.39560440,0.56250000,0.64764000,0.68576000,0.49609375
3B,100,Dyn-Beta,7,0.82600000,0.81472657,0.67132851,0.44585987,0.38461538,0.53030303,0.64576000,0.68034000,0.46090909
3B,100,Dyn-Beta,42,0.84200000,0.82756681,0.68848335,0.46979866,0.38461538,0.60344828,0.64152000,0.69978000,0.47448276
3B,100,Dyn-Beta,123,0.84000000,0.82913112,0.69619638,0.48717949,0.41758242,0.58461538,0.64796000,0.69124000,0.48323077
3B,100,Dyn-Beta,1337,0.83800000,0.82849824,0.69712606,0.49056604,0.42857143,0.57352941,0.63752000,0.67518000,0.43470588
3B,100,Dyn-Beta,2024,0.82400000,0.80853961,0.65490196,0.41333333,0.34065934,0.52542373,0.64602000,0.67604000,0.43762712
3B,100,Conf-Filt,7,0.82000000,0.80889443,0.66174569,0.43037975,0.37362637,0.50746269,0.64536000,0.68286000,0.45970149
3B,100,Conf-Filt,42,0.83800000,0.82432846,0.68408490,0.46357616,0.38461538,0.58333333,0.65194000,0.69964000,0.50216667
3B,100,Conf-Filt,123,0.84200000,0.82866603,0.69188527,0.47682119,0.39560440,0.60000000,0.64838000,0.67928000,0.41716667
3B,100,Conf-Filt,1337,0.82800000,0.81738802,0.67677922,0.45569620,0.39560440,0.53731343,0.65052000,0.68406000,0.47283582
3B,100,Conf-Filt,2024,0.83400000,0.82110977,0.67976171,0.45751634,0.38461538,0.56451613,0.64642000,0.68160000,0.42274194
3B,100,UCP-Clarify,7,0.83200000,0.82058768,0.68100620,0.46153846,0.39560440,0.55384615,0.64790000,0.69078000,0.52200000
3B,100,UCP-Clarify,42,0.83200000,0.81839275,0.67415591,0.44736842,0.37362637,0.55737705,0.64450000,0.69594000,0.48868852
3B,100,UCP-Clarify,123,0.84000000,0.82810230,0.69297842,0.48051948,0.40659341,0.58730159,0.63936000,0.68682000,0.44238095
3B,100,UCP-Clarify,1337,0.84200000,0.82973098,0.69519488,0.48366013,0.40659341,0.59677419,0.63336000,0.67978000,0.43354839
3B,100,UCP-Clarify,2024,0.82200000,0.80817794,0.65661196,0.41830065,0.35164835,0.51612903,0.64672000,0.69536000,0.54274194
3B,100,IPO,7,0.83600000,0.82485940,0.68860129,0.47435897,0.40659341,0.56923077,0.64352000,0.67828000,0.43676923
3B,100,IPO,42,0.82000000,0.80998214,0.66517857,0.43750000,0.38461538,0.50724638,0.64412000,0.69738000,0.53840580
3B,100,IPO,123,0.82400000,0.81314122,0.66926246,0.44303797,0.38461538,0.52238806,0.63262000,0.67972000,0.45492537
3B,100,IPO,1337,0.83000000,0.81898573,0.67888418,0.45859873,0.39560440,0.54545455,0.64092000,0.68172000,0.47530303
3B,100,IPO,2024,0.83800000,0.82750405,0.69399551,0.48407643,0.41758242,0.57575758,0.63122000,0.69062000,0.52242424
3B,100,SimPO,7,0.84000000,0.82913112,0.69619638,0.48717949,0.41758242,0.58461538,0.64262000,0.68358000,0.51107692
3B,100,SimPO,42,0.83800000,0.82750405,0.69399551,0.48407643,0.41758242,0.57575758,0.64528000,0.68292000,0.48227273
3B,100,SimPO,123,0.83800000,0.82750405,0.69399551,0.48407643,0.41758242,0.57575758,0.64584000,0.68680000,0.47181818
3B,100,SimPO,1337,0.83200000,0.82265000,0.68750000,0.47500000,0.41758242,0.55072464,0.64262000,0.66944000,0.40710145
3B,100,SimPO,2024,0.82800000,0.81738802,0.67677922,0.45569620,0.39560440,0.53731343,0.64000000,0.67454000,0.43074627
3B,100,ORPO,7,0.83600000,0.82380486,0.68530288,0.46753247,0.39560440,0.57142857,0.65074000,0.67994000,0.42285714
3B,100,ORPO,42,0.83800000,0.82849824,0.69712606,0.49056604,0.42857143,0.57352941,0.65360000,0.67594000,0.40147059
3B,100,ORPO,123,0.84000000,0.82913112,0.69619638,0.48717949,0.41758242,0.58461538,0.64412000,0.68994000,0.48307692
3B,100,ORPO,1337,0.84200000,0.82866603,0.69188527,0.47682119,0.39560440,0.60000000,0.64930000,0.68696000,0.47050000
3B,100,ORPO,2024,0.83800000,0.82750405,0.69399551,0.48407643,0.41758242,0.57575758,0.64388000,0.68072000,0.49303030
3B,150,SFT,7,0.82000000,0.81103686,0.66852294,0.44444444,0.39560440,0.50704225,0.64470000,0.69482000,0.52690141
3B,150,SFT,42,0.82400000,0.81623620,0.67907574,0.46341463,0.41758242,0.52054795,0.64416000,0.68982000,0.51972603
3B,150,SFT,123,0.81600000,0.80788330,0.66448827,0.43902439,0.39560440,0.49315068,0.64046000,0.70606000,0.53767123
3B,150,SFT,1337,0.81000000,0.80214625,0.65523498,0.42424242,0.38461538,0.47297297,0.64178000,0.69748000,0.52513514
3B,150,SFT,2024,0.81600000,0.80788330,0.66448827,0.43902439,0.39560440,0.49315068,0.65014000,0.70310000,0.61068493
3B,150,Vanilla-DPO,7,0.81800000,0.80732518,0.65973422,0.42767296,0.37362637,0.50000000,0.64700000,0.68942000,0.49573529
3B,150,Vanilla-DPO,42,0.82000000,0.80998214,0.66517857,0.43750000,0.38461538,0.50724638,0.64514000,0.69116000,0.51840580
3B,150,Vanilla-DPO,123,0.82800000,0.81738802,0.67677922,0.45569620,0.39560440,0.53731343,0.64184000,0.70182000,0.55149254
3B,150,Vanilla-DPO,1337,0.82800000,0.81943522,0.68325525,0.46913580,0.41758242,0.53521127,0.64152000,0.70000000,0.54098592
3B,150,Vanilla-DPO,2024,0.82200000,0.81155979,0.66721259,0.44025157,0.38461538,0.51470588,0.64420000,0.69770000,0.52147059
3B,150,Dyn-Beta,7,0.80800000,0.79843932,0.64642447,0.40740741,0.36263736,0.46478873,0.64456000,0.69346000,0.55309859
3B,150,Dyn-Beta,42,0.82800000,0.81631596,0.67341111,0.44871795,0.38461538,0.53846154,0.64150000,0.69072000,0.50092308
3B,150,Dyn-Beta,123,0.82400000,0.81420476,0.67261905,0.45000000,0.39560440,0.52173913,0.64212000,0.69386000,0.52536232
3B,150,Dyn-Beta,1337,0.81000000,0.79998653,0.64835393,0.40993789,0.36263736,0.47142857,0.63388000,0.69696000,0.55042857
3B,150,Dyn-Beta,2024,0.82800000,0.81738802,0.67677922,0.45569620,0.39560440,0.53731343,0.64196000,0.70414000,0.55014925
3B,150,Conf-Filt,7,0.82200000,0.80934056,0.66024050,0.42580645,0.36263736,0.51562500,0.64670000,0.69766000,0.52515625
3B,150,Conf-Filt,42,0.83200000,0.81950741,0.67762734,0.45454545,0.38461538,0.55555556,0.64292000,0.69954000,0.57000000
3B,150,Conf-Filt,123,0.83000000,0.82002902,0.68216933,0.46540881,0.40659341,0.54411765,0.64338000,0.70162000,0.59191176
3B,150,Conf-Filt,1337,0.81800000,0.80840815,0.66316008,0.43478261,0.38461538,0.50000000,0.63776000,0.69018000,0.55042857
3B,150,Conf-Filt,2024,0.83400000,0.81999089,0.67628453,0.45033113,0.37362637,0.56666667,0.64660000,0.69134000,0.44166667
3B,150,UCP-Clarify,7,0.81000000,0.80108289,0.65183866,0.41717791,0.37362637,0.47222222,0.65072000,0.69528000,0.48138889
3B,150,UCP-Clarify,42,0.82200000,0.81155979,0.66721259,0.44025157,0.38461538,0.51470588,0.64242000,0.70108000,0.53867647
3B,150,UCP-Clarify,123,0.81600000,0.80889752,0.66773569,0.44578313,0.40659341,0.49333333,0.63918000,0.70412000,0.53520000
3B,150,UCP-Clarify,1337,0.81600000,0.80788330,0.66448827,0.43902439,0.39560440,0.49315068,0.64454000,0.71000000,0.58671233
3B,150,UCP-Clarify,2024,0.82200000,0.81155979,0.66721259,0.44025157,0.38461538,0.51470588,0.64562000,0.69910000,0.52985294
3B,150,IPO,7,0.81800000,0.80945835,0.66649808,0.44171779,0.39560440,0.50000000,0.62648000,0.70412000,0.59194444
3B,150,IPO,42,0.80600000,0.79689516,0.64450895,0.40490798,0.36263736,0.45833333,0.64038000,0.68144000,0.47555556
3B,150,IPO,123,0.81800000,0.80732518,0.65973422,0.42767296,0.37362637,0.50000000,0.63758000,0.69494000,0.57235294
3B,150,IPO,1337,0.82000000,0.81494826,0.68107725,0.47058824,0.43956044,0.50632911,0.63002000,0.70560000,0.61075949
3B,150,IPO,2024,0.80400000,0.79643431,0.64606628,0.40963855,0.37362637,0.45333333,0.63246000,0.69426000,0.56133333
3B,150,SimPO,7,0.81600000,0.80464764,0.65422893,0.41772152,0.36263736,0.49253731,0.63616000,0.69202000,0.53820896
3B,150,SimPO,42,0.83000000,0.82002902,0.68216933,0.46540881,0.40659341,0.54411765,0.62888000,0.69524000,0.52676471
3B,150,SimPO,123,0.81600000,0.80575952,0.65773810,0.42500000,0.37362637,0.49275362,0.63998000,0.68684000,0.51072464
3B,150,SimPO,1337,0.81800000,0.80732518,0.65973422,0.42767296,0.37362637,0.50000000,0.63320000,0.69434000,0.57117647
3B,150,SimPO,2024,0.82600000,0.81579440,0.67469096,0.45283019,0.39560440,0.52941176,0.63444000,0.69128000,0.51985294
3B,150,ORPO,7,0.82600000,0.81579440,0.67469096,0.45283019,0.39560440,0.52941176,0.64292000,0.69738000,0.55720588
3B,150,ORPO,42,0.83200000,0.82265000,0.68750000,0.47500000,0.41758242,0.55072464,0.64818000,0.69338000,0.56985507
3B,150,ORPO,123,0.82800000,0.81943522,0.68325525,0.46913580,0.41758242,0.53521127,0.65512000,0.70246000,0.50985915
3B,150,ORPO,1337,0.81600000,0.80464764,0.65422893,0.41772152,0.36263736,0.49253731,0.63592000,0.69552000,0.53537313
3B,150,ORPO,2024,0.82800000,0.81842738,0.68005952,0.46250000,0.40659341,0.53623188,0.63820000,0.70218000,0.55347826
